FullDate,DateKey,Day,Month,MonthName,Year,Quarter,DayName,DayOfWeek,WeekOfYear,IsWeekend,FinancialYear,Season
2024-01-01,20240101,1,1,January,2024,Q1,Monday,1,1,False,FY2023-24,Winter
2024-01-02,20240102,2,1,January,2024,Q1,Tuesday,2,1,False,FY2023-24,Winter
2024-01-03,20240103,3,1,January,2024,Q1,Wednesday,3,1,False,FY2023-24,Winter
2024-01-04,20240104,4,1,January,2024,Q1,Thursday,4,1,False,FY2023-24,Winter
2024-01-05,20240105,5,1,January,2024,Q1,Friday,5,1,False,FY2023-24,Winter
2024-01-06,20240106,6,1,January,2024,Q1,Saturday,6,1,True,FY2023-24,Winter
2024-01-07,20240107,7,1,January,2024,Q1,Sunday,7,1,True,FY2023-24,Winter
2024-01-08,20240108,8,1,January,2024,Q1,Monday,1,2,False,FY2023-24,Winter
2024-01-09,20240109,9,1,January,2024,Q1,Tuesday,2,2,False,FY2023-24,Winter
2024-01-10,20240110,10,1,January,2024,Q1,Wednesday,3,2,False,FY2023-24,Winter
2024-01-11,20240111,11,1,January,2024,Q1,Thursday,4,2,False,FY2023-24,Winter
2024-01-12,20240112,12,1,January,2024,Q1,Friday,5,2,False,FY2023-24,Winter
2024-01-13,20240113,13,1,January,2024,Q1,Saturday,6,2,True,FY2023-24,Winter
2024-01-14,20240114,14,1,January,2024,Q1,Sunday,7,2,True,FY2023-24,Winter
2024-01-15,20240115,15,1,January,2024,Q1,Monday,1,3,False,FY2023-24,Winter
2024-01-16,20240116,16,1,January,2024,Q1,Tuesday,2,3,False,FY2023-24,Winter
2024-01-17,20240117,17,1,January,2024,Q1,Wednesday,3,3,False,FY2023-24,Winter
2024-01-18,20240118,18,1,January,2024,Q1,Thursday,4,3,False,FY2023-24,Winter
2024-01-19,20240119,19,1,January,2024,Q1,Friday,5,3,False,FY2023-24,Winter
2024-01-20,20240120,20,1,January,2024,Q1,Saturday,6,3,True,FY2023-24,Winter
2024-01-21,20240121,21,1,January,2024,Q1,Sunday,7,3,True,FY2023-24,Winter
2024-01-22,20240122,22,1,January,2024,Q1,Monday,1,4,False,FY2023-24,Winter
2024-01-23,20240123,23,1,January,2024,Q1,Tuesday,2,4,False,FY2023-24,Winter
2024-01-24,20240124,24,1,January,2024,Q1,Wednesday,3,4,False,FY2023-24,Winter
2024-01-25,20240125,25,1,January,2024,Q1,Thursday,4,4,False,FY2023-24,Winter
2024-01-26,20240126,26,1,January,2024,Q1,Friday,5,4,False,FY2023-24,Winter
2024-01-27,20240127,27,1,January,2024,Q1,Saturday,6,4,True,FY2023-24,Winter
2024-01-28,20240128,28,1,January,2024,Q1,Sunday,7,4,True,FY2023-24,Winter
2024-01-29,20240129,29,1,January,2024,Q1,Monday,1,5,False,FY2023-24,Winter
2024-01-30,20240130,30,1,January,2024,Q1,Tuesday,2,5,False,FY2023-24,Winter
2024-01-31,20240131,31,1,January,2024,Q1,Wednesday,3,5,False,FY2023-24,Winter
2024-02-01,20240201,1,2,February,2024,Q1,Thursday,4,5,False,FY2023-24,Winter
2024-02-02,20240202,2,2,February,2024,Q1,Friday,5,5,False,FY2023-24,Winter
2024-02-03,20240203,3,2,February,2024,Q1,Saturday,6,5,True,FY2023-24,Winter
2024-02-04,20240204,4,2,February,2024,Q1,Sunday,7,5,True,FY2023-24,Winter
2024-02-05,20240205,5,2,February,2024,Q1,Monday,1,6,False,FY2023-24,Winter
2024-02-06,20240206,6,2,February,2024,Q1,Tuesday,2,6,False,FY2023-24,Winter
2024-02-07,20240207,7,2,February,2024,Q1,Wednesday,3,6,False,FY2023-24,Winter
2024-02-08,20240208,8,2,February,2024,Q1,Thursday,4,6,False,FY2023-24,Winter
2024-02-09,20240209,9,2,February,2024,Q1,Friday,5,6,False,FY2023-24,Winter
2024-02-10,20240210,10,2,February,2024,Q1,Saturday,6,6,True,FY2023-24,Winter
2024-02-11,20240211,11,2,February,2024,Q1,Sunday,7,6,True,FY2023-24,Winter
2024-02-12,20240212,12,2,February,2024,Q1,Monday,1,7,False,FY2023-24,Winter
2024-02-13,20240213,13,2,February,2024,Q1,Tuesday,2,7,False,FY2023-24,Winter
2024-02-14,20240214,14,2,February,2024,Q1,Wednesday,3,7,False,FY2023-24,Winter
2024-02-15,20240215,15,2,February,2024,Q1,Thursday,4,7,False,FY2023-24,Winter
2024-02-16,20240216,16,2,February,2024,Q1,Friday,5,7,False,FY2023-24,Winter
2024-02-17,20240217,17,2,February,2024,Q1,Saturday,6,7,True,FY2023-24,Winter
2024-02-18,20240218,18,2,February,2024,Q1,Sunday,7,7,True,FY2023-24,Winter
2024-02-19,20240219,19,2,February,2024,Q1,Monday,1,8,False,FY2023-24,Winter
2024-02-20,20240220,20,2,February,2024,Q1,Tuesday,2,8,False,FY2023-24,Winter
2024-02-21,20240221,21,2,February,2024,Q1,Wednesday,3,8,False,FY2023-24,Winter
2024-02-22,20240222,22,2,February,2024,Q1,Thursday,4,8,False,FY2023-24,Winter
2024-02-23,20240223,23,2,February,2024,Q1,Friday,5,8,False,FY2023-24,Winter
2024-02-24,20240224,24,2,February,2024,Q1,Saturday,6,8,True,FY2023-24,Winter
2024-02-25,20240225,25,2,February,2024,Q1,Sunday,7,8,True,FY2023-24,Winter
2024-02-26,20240226,26,2,February,2024,Q1,Monday,1,9,False,FY2023-24,Winter
2024-02-27,20240227,27,2,February,2024,Q1,Tuesday,2,9,False,FY2023-24,Winter
2024-02-28,20240228,28,2,February,2024,Q1,Wednesday,3,9,False,FY2023-24,Winter
2024-02-29,20240229,29,2,February,2024,Q1,Thursday,4,9,False,FY2023-24,Winter
2024-03-01,20240301,1,3,March,2024,Q1,Friday,5,9,False,FY2023-24,Summer
2024-03-02,20240302,2,3,March,2024,Q1,Saturday,6,9,True,FY2023-24,Summer
2024-03-03,20240303,3,3,March,2024,Q1,Sunday,7,9,True,FY2023-24,Summer
2024-03-04,20240304,4,3,March,2024,Q1,Monday,1,10,False,FY2023-24,Summer
2024-03-05,20240305,5,3,March,2024,Q1,Tuesday,2,10,False,FY2023-24,Summer
2024-03-06,20240306,6,3,March,2024,Q1,Wednesday,3,10,False,FY2023-24,Summer
2024-03-07,20240307,7,3,March,2024,Q1,Thursday,4,10,False,FY2023-24,Summer
2024-03-08,20240308,8,3,March,2024,Q1,Friday,5,10,False,FY2023-24,Summer
2024-03-09,20240309,9,3,March,2024,Q1,Saturday,6,10,True,FY2023-24,Summer
2024-03-10,20240310,10,3,March,2024,Q1,Sunday,7,10,True,FY2023-24,Summer
2024-03-11,20240311,11,3,March,2024,Q1,Monday,1,11,False,FY2023-24,Summer
2024-03-12,20240312,12,3,March,2024,Q1,Tuesday,2,11,False,FY2023-24,Summer
2024-03-13,20240313,13,3,March,2024,Q1,Wednesday,3,11,False,FY2023-24,Summer
2024-03-14,20240314,14,3,March,2024,Q1,Thursday,4,11,False,FY2023-24,Summer
2024-03-15,20240315,15,3,March,2024,Q1,Friday,5,11,False,FY2023-24,Summer
2024-03-16,20240316,16,3,March,2024,Q1,Saturday,6,11,True,FY2023-24,Summer
2024-03-17,20240317,17,3,March,2024,Q1,Sunday,7,11,True,FY2023-24,Summer
2024-03-18,20240318,18,3,March,2024,Q1,Monday,1,12,False,FY2023-24,Summer
2024-03-19,20240319,19,3,March,2024,Q1,Tuesday,2,12,False,FY2023-24,Summer
2024-03-20,20240320,20,3,March,2024,Q1,Wednesday,3,12,False,FY2023-24,Summer
2024-03-21,20240321,21,3,March,2024,Q1,Thursday,4,12,False,FY2023-24,Summer
2024-03-22,20240322,22,3,March,2024,Q1,Friday,5,12,False,FY2023-24,Summer
2024-03-23,20240323,23,3,March,2024,Q1,Saturday,6,12,True,FY2023-24,Summer
2024-03-24,20240324,24,3,March,2024,Q1,Sunday,7,12,True,FY2023-24,Summer
2024-03-25,20240325,25,3,March,2024,Q1,Monday,1,13,False,FY2023-24,Summer
2024-03-26,20240326,26,3,March,2024,Q1,Tuesday,2,13,False,FY2023-24,Summer
2024-03-27,20240327,27,3,March,2024,Q1,Wednesday,3,13,False,FY2023-24,Summer
2024-03-28,20240328,28,3,March,2024,Q1,Thursday,4,13,False,FY2023-24,Summer
2024-03-29,20240329,29,3,March,2024,Q1,Friday,5,13,False,FY2023-24,Summer
2024-03-30,20240330,30,3,March,2024,Q1,Saturday,6,13,True,FY2023-24,Summer
2024-03-31,20240331,31,3,March,2024,Q1,Sunday,7,13,True,FY2023-24,Summer
2024-04-01,20240401,1,4,April,2024,Q2,Monday,1,14,False,FY2024-25,Summer
2024-04-02,20240402,2,4,April,2024,Q2,Tuesday,2,14,False,FY2024-25,Summer
2024-04-03,20240403,3,4,April,2024,Q2,Wednesday,3,14,False,FY2024-25,Summer
2024-04-04,20240404,4,4,April,2024,Q2,Thursday,4,14,False,FY2024-25,Summer
2024-04-05,20240405,5,4,April,2024,Q2,Friday,5,14,False,FY2024-25,Summer
2024-04-06,20240406,6,4,April,2024,Q2,Saturday,6,14,True,FY2024-25,Summer
2024-04-07,20240407,7,4,April,2024,Q2,Sunday,7,14,True,FY2024-25,Summer
2024-04-08,20240408,8,4,April,2024,Q2,Monday,1,15,False,FY2024-25,Summer
2024-04-09,20240409,9,4,April,2024,Q2,Tuesday,2,15,False,FY2024-25,Summer
2024-04-10,20240410,10,4,April,2024,Q2,Wednesday,3,15,False,FY2024-25,Summer
2024-04-11,20240411,11,4,April,2024,Q2,Thursday,4,15,False,FY2024-25,Summer
2024-04-12,20240412,12,4,April,2024,Q2,Friday,5,15,False,FY2024-25,Summer
2024-04-13,20240413,13,4,April,2024,Q2,Saturday,6,15,True,FY2024-25,Summer
2024-04-14,20240414,14,4,April,2024,Q2,Sunday,7,15,True,FY2024-25,Summer
2024-04-15,20240415,15,4,April,2024,Q2,Monday,1,16,False,FY2024-25,Summer
2024-04-16,20240416,16,4,April,2024,Q2,Tuesday,2,16,False,FY2024-25,Summer
2024-04-17,20240417,17,4,April,2024,Q2,Wednesday,3,16,False,FY2024-25,Summer
2024-04-18,20240418,18,4,April,2024,Q2,Thursday,4,16,False,FY2024-25,Summer
2024-04-19,20240419,19,4,April,2024,Q2,Friday,5,16,False,FY2024-25,Summer
2024-04-20,20240420,20,4,April,2024,Q2,Saturday,6,16,True,FY2024-25,Summer
2024-04-21,20240421,21,4,April,2024,Q2,Sunday,7,16,True,FY2024-25,Summer
2024-04-22,20240422,22,4,April,2024,Q2,Monday,1,17,False,FY2024-25,Summer
2024-04-23,20240423,23,4,April,2024,Q2,Tuesday,2,17,False,FY2024-25,Summer
2024-04-24,20240424,24,4,April,2024,Q2,Wednesday,3,17,False,FY2024-25,Summer
2024-04-25,20240425,25,4,April,2024,Q2,Thursday,4,17,False,FY2024-25,Summer
2024-04-26,20240426,26,4,April,2024,Q2,Friday,5,17,False,FY2024-25,Summer
2024-04-27,20240427,27,4,April,2024,Q2,Saturday,6,17,True,FY2024-25,Summer
2024-04-28,20240428,28,4,April,2024,Q2,Sunday,7,17,True,FY2024-25,Summer
2024-04-29,20240429,29,4,April,2024,Q2,Monday,1,18,False,FY2024-25,Summer
2024-04-30,20240430,30,4,April,2024,Q2,Tuesday,2,18,False,FY2024-25,Summer
2024-05-01,20240501,1,5,May,2024,Q2,Wednesday,3,18,False,FY2024-25,Summer
2024-05-02,20240502,2,5,May,2024,Q2,Thursday,4,18,False,FY2024-25,Summer
2024-05-03,20240503,3,5,May,2024,Q2,Friday,5,18,False,FY2024-25,Summer
2024-05-04,20240504,4,5,May,2024,Q2,Saturday,6,18,True,FY2024-25,Summer
2024-05-05,20240505,5,5,May,2024,Q2,Sunday,7,18,True,FY2024-25,Summer
2024-05-06,20240506,6,5,May,2024,Q2,Monday,1,19,False,FY2024-25,Summer
2024-05-07,20240507,7,5,May,2024,Q2,Tuesday,2,19,False,FY2024-25,Summer
2024-05-08,20240508,8,5,May,2024,Q2,Wednesday,3,19,False,FY2024-25,Summer
2024-05-09,20240509,9,5,May,2024,Q2,Thursday,4,19,False,FY2024-25,Summer
2024-05-10,20240510,10,5,May,2024,Q2,Friday,5,19,False,FY2024-25,Summer
2024-05-11,20240511,11,5,May,2024,Q2,Saturday,6,19,True,FY2024-25,Summer
2024-05-12,20240512,12,5,May,2024,Q2,Sunday,7,19,True,FY2024-25,Summer
2024-05-13,20240513,13,5,May,2024,Q2,Monday,1,20,False,FY2024-25,Summer
2024-05-14,20240514,14,5,May,2024,Q2,Tuesday,2,20,False,FY2024-25,Summer
2024-05-15,20240515,15,5,May,2024,Q2,Wednesday,3,20,False,FY2024-25,Summer
2024-05-16,20240516,16,5,May,2024,Q2,Thursday,4,20,False,FY2024-25,Summer
2024-05-17,20240517,17,5,May,2024,Q2,Friday,5,20,False,FY2024-25,Summer
2024-05-18,20240518,18,5,May,2024,Q2,Saturday,6,20,True,FY2024-25,Summer
2024-05-19,20240519,19,5,May,2024,Q2,Sunday,7,20,True,FY2024-25,Summer
2024-05-20,20240520,20,5,May,2024,Q2,Monday,1,21,False,FY2024-25,Summer
2024-05-21,20240521,21,5,May,2024,Q2,Tuesday,2,21,False,FY2024-25,Summer
2024-05-22,20240522,22,5,May,2024,Q2,Wednesday,3,21,False,FY2024-25,Summer
2024-05-23,20240523,23,5,May,2024,Q2,Thursday,4,21,False,FY2024-25,Summer
2024-05-24,20240524,24,5,May,2024,Q2,Friday,5,21,False,FY2024-25,Summer
2024-05-25,20240525,25,5,May,2024,Q2,Saturday,6,21,True,FY2024-25,Summer
2024-05-26,20240526,26,5,May,2024,Q2,Sunday,7,21,True,FY2024-25,Summer
2024-05-27,20240527,27,5,May,2024,Q2,Monday,1,22,False,FY2024-25,Summer
2024-05-28,20240528,28,5,May,2024,Q2,Tuesday,2,22,False,FY2024-25,Summer
2024-05-29,20240529,29,5,May,2024,Q2,Wednesday,3,22,False,FY2024-25,Summer
2024-05-30,20240530,30,5,May,2024,Q2,Thursday,4,22,False,FY2024-25,Summer
2024-05-31,20240531,31,5,May,2024,Q2,Friday,5,22,False,FY2024-25,Summer
2024-06-01,20240601,1,6,June,2024,Q2,Saturday,6,22,True,FY2024-25,Monsoon
2024-06-02,20240602,2,6,June,2024,Q2,Sunday,7,22,True,FY2024-25,Monsoon
2024-06-03,20240603,3,6,June,2024,Q2,Monday,1,23,False,FY2024-25,Monsoon
2024-06-04,20240604,4,6,June,2024,Q2,Tuesday,2,23,False,FY2024-25,Monsoon
2024-06-05,20240605,5,6,June,2024,Q2,Wednesday,3,23,False,FY2024-25,Monsoon
2024-06-06,20240606,6,6,June,2024,Q2,Thursday,4,23,False,FY2024-25,Monsoon
2024-06-07,20240607,7,6,June,2024,Q2,Friday,5,23,False,FY2024-25,Monsoon
2024-06-08,20240608,8,6,June,2024,Q2,Saturday,6,23,True,FY2024-25,Monsoon
2024-06-09,20240609,9,6,June,2024,Q2,Sunday,7,23,True,FY2024-25,Monsoon
2024-06-10,20240610,10,6,June,2024,Q2,Monday,1,24,False,FY2024-25,Monsoon
2024-06-11,20240611,11,6,June,2024,Q2,Tuesday,2,24,False,FY2024-25,Monsoon
2024-06-12,20240612,12,6,June,2024,Q2,Wednesday,3,24,False,FY2024-25,Monsoon
2024-06-13,20240613,13,6,June,2024,Q2,Thursday,4,24,False,FY2024-25,Monsoon
2024-06-14,20240614,14,6,June,2024,Q2,Friday,5,24,False,FY2024-25,Monsoon
2024-06-15,20240615,15,6,June,2024,Q2,Saturday,6,24,True,FY2024-25,Monsoon
2024-06-16,20240616,16,6,June,2024,Q2,Sunday,7,24,True,FY2024-25,Monsoon
2024-06-17,20240617,17,6,June,2024,Q2,Monday,1,25,False,FY2024-25,Monsoon
2024-06-18,20240618,18,6,June,2024,Q2,Tuesday,2,25,False,FY2024-25,Monsoon
2024-06-19,20240619,19,6,June,2024,Q2,Wednesday,3,25,False,FY2024-25,Monsoon
2024-06-20,20240620,20,6,June,2024,Q2,Thursday,4,25,False,FY2024-25,Monsoon
2024-06-21,20240621,21,6,June,2024,Q2,Friday,5,25,False,FY2024-25,Monsoon
2024-06-22,20240622,22,6,June,2024,Q2,Saturday,6,25,True,FY2024-25,Monsoon
2024-06-23,20240623,23,6,June,2024,Q2,Sunday,7,25,True,FY2024-25,Monsoon
2024-06-24,20240624,24,6,June,2024,Q2,Monday,1,26,False,FY2024-25,Monsoon
2024-06-25,20240625,25,6,June,2024,Q2,Tuesday,2,26,False,FY2024-25,Monsoon
2024-06-26,20240626,26,6,June,2024,Q2,Wednesday,3,26,False,FY2024-25,Monsoon
2024-06-27,20240627,27,6,June,2024,Q2,Thursday,4,26,False,FY2024-25,Monsoon
2024-06-28,20240628,28,6,June,2024,Q2,Friday,5,26,False,FY2024-25,Monsoon
2024-06-29,20240629,29,6,June,2024,Q2,Saturday,6,26,True,FY2024-25,Monsoon
2024-06-30,20240630,30,6,June,2024,Q2,Sunday,7,26,True,FY2024-25,Monsoon
2024-07-01,20240701,1,7,July,2024,Q3,Monday,1,27,False,FY2024-25,Monsoon
2024-07-02,20240702,2,7,July,2024,Q3,Tuesday,2,27,False,FY2024-25,Monsoon
2024-07-03,20240703,3,7,July,2024,Q3,Wednesday,3,27,False,FY2024-25,Monsoon
2024-07-04,20240704,4,7,July,2024,Q3,Thursday,4,27,False,FY2024-25,Monsoon
2024-07-05,20240705,5,7,July,2024,Q3,Friday,5,27,False,FY2024-25,Monsoon
2024-07-06,20240706,6,7,July,2024,Q3,Saturday,6,27,True,FY2024-25,Monsoon
2024-07-07,20240707,7,7,July,2024,Q3,Sunday,7,27,True,FY2024-25,Monsoon
2024-07-08,20240708,8,7,July,2024,Q3,Monday,1,28,False,FY2024-25,Monsoon
2024-07-09,20240709,9,7,July,2024,Q3,Tuesday,2,28,False,FY2024-25,Monsoon
2024-07-10,20240710,10,7,July,2024,Q3,Wednesday,3,28,False,FY2024-25,Monsoon
2024-07-11,20240711,11,7,July,2024,Q3,Thursday,4,28,False,FY2024-25,Monsoon
2024-07-12,20240712,12,7,July,2024,Q3,Friday,5,28,False,FY2024-25,Monsoon
2024-07-13,20240713,13,7,July,2024,Q3,Saturday,6,28,True,FY2024-25,Monsoon
2024-07-14,20240714,14,7,July,2024,Q3,Sunday,7,28,True,FY2024-25,Monsoon
2024-07-15,20240715,15,7,July,2024,Q3,Monday,1,29,False,FY2024-25,Monsoon
2024-07-16,20240716,16,7,July,2024,Q3,Tuesday,2,29,False,FY2024-25,Monsoon
2024-07-17,20240717,17,7,July,2024,Q3,Wednesday,3,29,False,FY2024-25,Monsoon
2024-07-18,20240718,18,7,July,2024,Q3,Thursday,4,29,False,FY2024-25,Monsoon
2024-07-19,20240719,19,7,July,2024,Q3,Friday,5,29,False,FY2024-25,Monsoon
2024-07-20,20240720,20,7,July,2024,Q3,Saturday,6,29,True,FY2024-25,Monsoon
2024-07-21,20240721,21,7,July,2024,Q3,Sunday,7,29,True,FY2024-25,Monsoon
2024-07-22,20240722,22,7,July,2024,Q3,Monday,1,30,False,FY2024-25,Monsoon
2024-07-23,20240723,23,7,July,2024,Q3,Tuesday,2,30,False,FY2024-25,Monsoon
2024-07-24,20240724,24,7,July,2024,Q3,Wednesday,3,30,False,FY2024-25,Monsoon
2024-07-25,20240725,25,7,July,2024,Q3,Thursday,4,30,False,FY2024-25,Monsoon
2024-07-26,20240726,26,7,July,2024,Q3,Friday,5,30,False,FY2024-25,Monsoon
2024-07-27,20240727,27,7,July,2024,Q3,Saturday,6,30,True,FY2024-25,Monsoon
2024-07-28,20240728,28,7,July,2024,Q3,Sunday,7,30,True,FY2024-25,Monsoon
2024-07-29,20240729,29,7,July,2024,Q3,Monday,1,31,False,FY2024-25,Monsoon
2024-07-30,20240730,30,7,July,2024,Q3,Tuesday,2,31,False,FY2024-25,Monsoon
2024-07-31,20240731,31,7,July,2024,Q3,Wednesday,3,31,False,FY2024-25,Monsoon
2024-08-01,20240801,1,8,August,2024,Q3,Thursday,4,31,False,FY2024-25,Monsoon
2024-08-02,20240802,2,8,August,2024,Q3,Friday,5,31,False,FY2024-25,Monsoon
2024-08-03,20240803,3,8,August,2024,Q3,Saturday,6,31,True,FY2024-25,Monsoon
2024-08-04,20240804,4,8,August,2024,Q3,Sunday,7,31,True,FY2024-25,Monsoon
2024-08-05,20240805,5,8,August,2024,Q3,Monday,1,32,False,FY2024-25,Monsoon
2024-08-06,20240806,6,8,August,2024,Q3,Tuesday,2,32,False,FY2024-25,Monsoon
2024-08-07,20240807,7,8,August,2024,Q3,Wednesday,3,32,False,FY2024-25,Monsoon
2024-08-08,20240808,8,8,August,2024,Q3,Thursday,4,32,False,FY2024-25,Monsoon
2024-08-09,20240809,9,8,August,2024,Q3,Friday,5,32,False,FY2024-25,Monsoon
2024-08-10,20240810,10,8,August,2024,Q3,Saturday,6,32,True,FY2024-25,Monsoon
2024-08-11,20240811,11,8,August,2024,Q3,Sunday,7,32,True,FY2024-25,Monsoon
2024-08-12,20240812,12,8,August,2024,Q3,Monday,1,33,False,FY2024-25,Monsoon
2024-08-13,20240813,13,8,August,2024,Q3,Tuesday,2,33,False,FY2024-25,Monsoon
2024-08-14,20240814,14,8,August,2024,Q3,Wednesday,3,33,False,FY2024-25,Monsoon
2024-08-15,20240815,15,8,August,2024,Q3,Thursday,4,33,False,FY2024-25,Monsoon
2024-08-16,20240816,16,8,August,2024,Q3,Friday,5,33,False,FY2024-25,Monsoon
2024-08-17,20240817,17,8,August,2024,Q3,Saturday,6,33,True,FY2024-25,Monsoon
2024-08-18,20240818,18,8,August,2024,Q3,Sunday,7,33,True,FY2024-25,Monsoon
2024-08-19,20240819,19,8,August,2024,Q3,Monday,1,34,False,FY2024-25,Monsoon
2024-08-20,20240820,20,8,August,2024,Q3,Tuesday,2,34,False,FY2024-25,Monsoon
2024-08-21,20240821,21,8,August,2024,Q3,Wednesday,3,34,False,FY2024-25,Monsoon
2024-08-22,20240822,22,8,August,2024,Q3,Thursday,4,34,False,FY2024-25,Monsoon
2024-08-23,20240823,23,8,August,2024,Q3,Friday,5,34,False,FY2024-25,Monsoon
2024-08-24,20240824,24,8,August,2024,Q3,Saturday,6,34,True,FY2024-25,Monsoon
2024-08-25,20240825,25,8,August,2024,Q3,Sunday,7,34,True,FY2024-25,Monsoon
2024-08-26,20240826,26,8,August,2024,Q3,Monday,1,35,False,FY2024-25,Monsoon
2024-08-27,20240827,27,8,August,2024,Q3,Tuesday,2,35,False,FY2024-25,Monsoon
2024-08-28,20240828,28,8,August,2024,Q3,Wednesday,3,35,False,FY2024-25,Monsoon
2024-08-29,20240829,29,8,August,2024,Q3,Thursday,4,35,False,FY2024-25,Monsoon
2024-08-30,20240830,30,8,August,2024,Q3,Friday,5,35,False,FY2024-25,Monsoon
2024-08-31,20240831,31,8,August,2024,Q3,Saturday,6,35,True,FY2024-25,Monsoon
2024-09-01,20240901,1,9,September,2024,Q3,Sunday,7,35,True,FY2024-25,Monsoon
2024-09-02,20240902,2,9,September,2024,Q3,Monday,1,36,False,FY2024-25,Monsoon
2024-09-03,20240903,3,9,September,2024,Q3,Tuesday,2,36,False,FY2024-25,Monsoon
2024-09-04,20240904,4,9,September,2024,Q3,Wednesday,3,36,False,FY2024-25,Monsoon
2024-09-05,20240905,5,9,September,2024,Q3,Thursday,4,36,False,FY2024-25,Monsoon
2024-09-06,20240906,6,9,September,2024,Q3,Friday,5,36,False,FY2024-25,Monsoon
2024-09-07,20240907,7,9,September,2024,Q3,Saturday,6,36,True,FY2024-25,Monsoon
2024-09-08,20240908,8,9,September,2024,Q3,Sunday,7,36,True,FY2024-25,Monsoon
2024-09-09,20240909,9,9,September,2024,Q3,Monday,1,37,False,FY2024-25,Monsoon
2024-09-10,20240910,10,9,September,2024,Q3,Tuesday,2,37,False,FY2024-25,Monsoon
2024-09-11,20240911,11,9,September,2024,Q3,Wednesday,3,37,False,FY2024-25,Monsoon
2024-09-12,20240912,12,9,September,2024,Q3,Thursday,4,37,False,FY2024-25,Monsoon
2024-09-13,20240913,13,9,September,2024,Q3,Friday,5,37,False,FY2024-25,Monsoon
2024-09-14,20240914,14,9,September,2024,Q3,Saturday,6,37,True,FY2024-25,Monsoon
2024-09-15,20240915,15,9,September,2024,Q3,Sunday,7,37,True,FY2024-25,Monsoon
2024-09-16,20240916,16,9,September,2024,Q3,Monday,1,38,False,FY2024-25,Monsoon
2024-09-17,20240917,17,9,September,2024,Q3,Tuesday,2,38,False,FY2024-25,Monsoon
2024-09-18,20240918,18,9,September,2024,Q3,Wednesday,3,38,False,FY2024-25,Monsoon
2024-09-19,20240919,19,9,September,2024,Q3,Thursday,4,38,False,FY2024-25,Monsoon
2024-09-20,20240920,20,9,September,2024,Q3,Friday,5,38,False,FY2024-25,Monsoon
2024-09-21,20240921,21,9,September,2024,Q3,Saturday,6,38,True,FY2024-25,Monsoon
2024-09-22,20240922,22,9,September,2024,Q3,Sunday,7,38,True,FY2024-25,Monsoon
2024-09-23,20240923,23,9,September,2024,Q3,Monday,1,39,False,FY2024-25,Monsoon
2024-09-24,20240924,24,9,September,2024,Q3,Tuesday,2,39,False,FY2024-25,Monsoon
2024-09-25,20240925,25,9,September,2024,Q3,Wednesday,3,39,False,FY2024-25,Monsoon
2024-09-26,20240926,26,9,September,2024,Q3,Thursday,4,39,False,FY2024-25,Monsoon
2024-09-27,20240927,27,9,September,2024,Q3,Friday,5,39,False,FY2024-25,Monsoon
2024-09-28,20240928,28,9,September,2024,Q3,Saturday,6,39,True,FY2024-25,Monsoon
2024-09-29,20240929,29,9,September,2024,Q3,Sunday,7,39,True,FY2024-25,Monsoon
2024-09-30,20240930,30,9,September,2024,Q3,Monday,1,40,False,FY2024-25,Monsoon
2024-10-01,20241001,1,10,October,2024,Q4,Tuesday,2,40,False,FY2024-25,Festive
2024-10-02,20241002,2,10,October,2024,Q4,Wednesday,3,40,False,FY2024-25,Festive
2024-10-03,20241003,3,10,October,2024,Q4,Thursday,4,40,False,FY2024-25,Festive
2024-10-04,20241004,4,10,October,2024,Q4,Friday,5,40,False,FY2024-25,Festive
2024-10-05,20241005,5,10,October,2024,Q4,Saturday,6,40,True,FY2024-25,Festive
2024-10-06,20241006,6,10,October,2024,Q4,Sunday,7,40,True,FY2024-25,Festive
2024-10-07,20241007,7,10,October,2024,Q4,Monday,1,41,False,FY2024-25,Festive
2024-10-08,20241008,8,10,October,2024,Q4,Tuesday,2,41,False,FY2024-25,Festive
2024-10-09,20241009,9,10,October,2024,Q4,Wednesday,3,41,False,FY2024-25,Festive
2024-10-10,20241010,10,10,October,2024,Q4,Thursday,4,41,False,FY2024-25,Festive
2024-10-11,20241011,11,10,October,2024,Q4,Friday,5,41,False,FY2024-25,Festive
2024-10-12,20241012,12,10,October,2024,Q4,Saturday,6,41,True,FY2024-25,Festive
2024-10-13,20241013,13,10,October,2024,Q4,Sunday,7,41,True,FY2024-25,Festive
2024-10-14,20241014,14,10,October,2024,Q4,Monday,1,42,False,FY2024-25,Festive
2024-10-15,20241015,15,10,October,2024,Q4,Tuesday,2,42,False,FY2024-25,Festive
2024-10-16,20241016,16,10,October,2024,Q4,Wednesday,3,42,False,FY2024-25,Festive
2024-10-17,20241017,17,10,October,2024,Q4,Thursday,4,42,False,FY2024-25,Festive
2024-10-18,20241018,18,10,October,2024,Q4,Friday,5,42,False,FY2024-25,Festive
2024-10-19,20241019,19,10,October,2024,Q4,Saturday,6,42,True,FY2024-25,Festive
2024-10-20,20241020,20,10,October,2024,Q4,Sunday,7,42,True,FY2024-25,Festive
2024-10-21,20241021,21,10,October,2024,Q4,Monday,1,43,False,FY2024-25,Festive
2024-10-22,20241022,22,10,October,2024,Q4,Tuesday,2,43,False,FY2024-25,Festive
2024-10-23,20241023,23,10,October,2024,Q4,Wednesday,3,43,False,FY2024-25,Festive
2024-10-24,20241024,24,10,October,2024,Q4,Thursday,4,43,False,FY2024-25,Festive
2024-10-25,20241025,25,10,October,2024,Q4,Friday,5,43,False,FY2024-25,Festive
2024-10-26,20241026,26,10,October,2024,Q4,Saturday,6,43,True,FY2024-25,Festive
2024-10-27,20241027,27,10,October,2024,Q4,Sunday,7,43,True,FY2024-25,Festive
2024-10-28,20241028,28,10,October,2024,Q4,Monday,1,44,False,FY2024-25,Festive
2024-10-29,20241029,29,10,October,2024,Q4,Tuesday,2,44,False,FY2024-25,Festive
2024-10-30,20241030,30,10,October,2024,Q4,Wednesday,3,44,False,FY2024-25,Festive
2024-10-31,20241031,31,10,October,2024,Q4,Thursday,4,44,False,FY2024-25,Festive
2024-11-01,20241101,1,11,November,2024,Q4,Friday,5,44,False,FY2024-25,Festive
2024-11-02,20241102,2,11,November,2024,Q4,Saturday,6,44,True,FY2024-25,Festive
2024-11-03,20241103,3,11,November,2024,Q4,Sunday,7,44,True,FY2024-25,Festive
2024-11-04,20241104,4,11,November,2024,Q4,Monday,1,45,False,FY2024-25,Festive
2024-11-05,20241105,5,11,November,2024,Q4,Tuesday,2,45,False,FY2024-25,Festive
2024-11-06,20241106,6,11,November,2024,Q4,Wednesday,3,45,False,FY2024-25,Festive
2024-11-07,20241107,7,11,November,2024,Q4,Thursday,4,45,False,FY2024-25,Festive
2024-11-08,20241108,8,11,November,2024,Q4,Friday,5,45,False,FY2024-25,Festive
2024-11-09,20241109,9,11,November,2024,Q4,Saturday,6,45,True,FY2024-25,Festive
2024-11-10,20241110,10,11,November,2024,Q4,Sunday,7,45,True,FY2024-25,Festive
2024-11-11,20241111,11,11,November,2024,Q4,Monday,1,46,False,FY2024-25,Festive
2024-11-12,20241112,12,11,November,2024,Q4,Tuesday,2,46,False,FY2024-25,Festive
2024-11-13,20241113,13,11,November,2024,Q4,Wednesday,3,46,False,FY2024-25,Festive
2024-11-14,20241114,14,11,November,2024,Q4,Thursday,4,46,False,FY2024-25,Festive
2024-11-15,20241115,15,11,November,2024,Q4,Friday,5,46,False,FY2024-25,Festive
2024-11-16,20241116,16,11,November,2024,Q4,Saturday,6,46,True,FY2024-25,Festive
2024-11-17,20241117,17,11,November,2024,Q4,Sunday,7,46,True,FY2024-25,Festive
2024-11-18,20241118,18,11,November,2024,Q4,Monday,1,47,False,FY2024-25,Festive
2024-11-19,20241119,19,11,November,2024,Q4,Tuesday,2,47,False,FY2024-25,Festive
2024-11-20,20241120,20,11,November,2024,Q4,Wednesday,3,47,False,FY2024-25,Festive
2024-11-21,20241121,21,11,November,2024,Q4,Thursday,4,47,False,FY2024-25,Festive
2024-11-22,20241122,22,11,November,2024,Q4,Friday,5,47,False,FY2024-25,Festive
2024-11-23,20241123,23,11,November,2024,Q4,Saturday,6,47,True,FY2024-25,Festive
2024-11-24,20241124,24,11,November,2024,Q4,Sunday,7,47,True,FY2024-25,Festive
2024-11-25,20241125,25,11,November,2024,Q4,Monday,1,48,False,FY2024-25,Festive
2024-11-26,20241126,26,11,November,2024,Q4,Tuesday,2,48,False,FY2024-25,Festive
2024-11-27,20241127,27,11,November,2024,Q4,Wednesday,3,48,False,FY2024-25,Festive
2024-11-28,20241128,28,11,November,2024,Q4,Thursday,4,48,False,FY2024-25,Festive
2024-11-29,20241129,29,11,November,2024,Q4,Friday,5,48,False,FY2024-25,Festive
2024-11-30,20241130,30,11,November,2024,Q4,Saturday,6,48,True,FY2024-25,Festive
2024-12-01,20241201,1,12,December,2024,Q4,Sunday,7,48,True,FY2024-25,Winter
2024-12-02,20241202,2,12,December,2024,Q4,Monday,1,49,False,FY2024-25,Winter
2024-12-03,20241203,3,12,December,2024,Q4,Tuesday,2,49,False,FY2024-25,Winter
2024-12-04,20241204,4,12,December,2024,Q4,Wednesday,3,49,False,FY2024-25,Winter
2024-12-05,20241205,5,12,December,2024,Q4,Thursday,4,49,False,FY2024-25,Winter
2024-12-06,20241206,6,12,December,2024,Q4,Friday,5,49,False,FY2024-25,Winter
2024-12-07,20241207,7,12,December,2024,Q4,Saturday,6,49,True,FY2024-25,Winter
2024-12-08,20241208,8,12,December,2024,Q4,Sunday,7,49,True,FY2024-25,Winter
2024-12-09,20241209,9,12,December,2024,Q4,Monday,1,50,False,FY2024-25,Winter
2024-12-10,20241210,10,12,December,2024,Q4,Tuesday,2,50,False,FY2024-25,Winter
2024-12-11,20241211,11,12,December,2024,Q4,Wednesday,3,50,False,FY2024-25,Winter
2024-12-12,20241212,12,12,December,2024,Q4,Thursday,4,50,False,FY2024-25,Winter
2024-12-13,20241213,13,12,December,2024,Q4,Friday,5,50,False,FY2024-25,Winter
2024-12-14,20241214,14,12,December,2024,Q4,Saturday,6,50,True,FY2024-25,Winter
2024-12-15,20241215,15,12,December,2024,Q4,Sunday,7,50,True,FY2024-25,Winter
2024-12-16,20241216,16,12,December,2024,Q4,Monday,1,51,False,FY2024-25,Winter
2024-12-17,20241217,17,12,December,2024,Q4,Tuesday,2,51,False,FY2024-25,Winter
2024-12-18,20241218,18,12,December,2024,Q4,Wednesday,3,51,False,FY2024-25,Winter
2024-12-19,20241219,19,12,December,2024,Q4,Thursday,4,51,False,FY2024-25,Winter
2024-12-20,20241220,20,12,December,2024,Q4,Friday,5,51,False,FY2024-25,Winter
2024-12-21,20241221,21,12,December,2024,Q4,Saturday,6,51,True,FY2024-25,Winter
2024-12-22,20241222,22,12,December,2024,Q4,Sunday,7,51,True,FY2024-25,Winter
2024-12-23,20241223,23,12,December,2024,Q4,Monday,1,52,False,FY2024-25,Winter
2024-12-24,20241224,24,12,December,2024,Q4,Tuesday,2,52,False,FY2024-25,Winter
2024-12-25,20241225,25,12,December,2024,Q4,Wednesday,3,52,False,FY2024-25,Winter
2024-12-26,20241226,26,12,December,2024,Q4,Thursday,4,52,False,FY2024-25,Winter
2024-12-27,20241227,27,12,December,2024,Q4,Friday,5,52,False,FY2024-25,Winter
2024-12-28,20241228,28,12,December,2024,Q4,Saturday,6,52,True,FY2024-25,Winter
2024-12-29,20241229,29,12,December,2024,Q4,Sunday,7,52,True,FY2024-25,Winter
2024-12-30,20241230,30,12,December,2024,Q4,Monday,1,1,False,FY2024-25,Winter
2024-12-31,20241231,31,12,December,2024,Q4,Tuesday,2,1,False,FY2024-25,Winter
2025-01-01,20250101,1,1,January,2025,Q1,Wednesday,3,1,False,FY2024-25,Winter
2025-01-02,20250102,2,1,January,2025,Q1,Thursday,4,1,False,FY2024-25,Winter
2025-01-03,20250103,3,1,January,2025,Q1,Friday,5,1,False,FY2024-25,Winter
2025-01-04,20250104,4,1,January,2025,Q1,Saturday,6,1,True,FY2024-25,Winter
2025-01-05,20250105,5,1,January,2025,Q1,Sunday,7,1,True,FY2024-25,Winter
2025-01-06,20250106,6,1,January,2025,Q1,Monday,1,2,False,FY2024-25,Winter
2025-01-07,20250107,7,1,January,2025,Q1,Tuesday,2,2,False,FY2024-25,Winter
2025-01-08,20250108,8,1,January,2025,Q1,Wednesday,3,2,False,FY2024-25,Winter
2025-01-09,20250109,9,1,January,2025,Q1,Thursday,4,2,False,FY2024-25,Winter
2025-01-10,20250110,10,1,January,2025,Q1,Friday,5,2,False,FY2024-25,Winter
2025-01-11,20250111,11,1,January,2025,Q1,Saturday,6,2,True,FY2024-25,Winter
2025-01-12,20250112,12,1,January,2025,Q1,Sunday,7,2,True,FY2024-25,Winter
2025-01-13,20250113,13,1,January,2025,Q1,Monday,1,3,False,FY2024-25,Winter
2025-01-14,20250114,14,1,January,2025,Q1,Tuesday,2,3,False,FY2024-25,Winter
2025-01-15,20250115,15,1,January,2025,Q1,Wednesday,3,3,False,FY2024-25,Winter
2025-01-16,20250116,16,1,January,2025,Q1,Thursday,4,3,False,FY2024-25,Winter
2025-01-17,20250117,17,1,January,2025,Q1,Friday,5,3,False,FY2024-25,Winter
2025-01-18,20250118,18,1,January,2025,Q1,Saturday,6,3,True,FY2024-25,Winter
2025-01-19,20250119,19,1,January,2025,Q1,Sunday,7,3,True,FY2024-25,Winter
2025-01-20,20250120,20,1,January,2025,Q1,Monday,1,4,False,FY2024-25,Winter
2025-01-21,20250121,21,1,January,2025,Q1,Tuesday,2,4,False,FY2024-25,Winter
2025-01-22,20250122,22,1,January,2025,Q1,Wednesday,3,4,False,FY2024-25,Winter
2025-01-23,20250123,23,1,January,2025,Q1,Thursday,4,4,False,FY2024-25,Winter
2025-01-24,20250124,24,1,January,2025,Q1,Friday,5,4,False,FY2024-25,Winter
2025-01-25,20250125,25,1,January,2025,Q1,Saturday,6,4,True,FY2024-25,Winter
2025-01-26,20250126,26,1,January,2025,Q1,Sunday,7,4,True,FY2024-25,Winter
2025-01-27,20250127,27,1,January,2025,Q1,Monday,1,5,False,FY2024-25,Winter
2025-01-28,20250128,28,1,January,2025,Q1,Tuesday,2,5,False,FY2024-25,Winter
2025-01-29,20250129,29,1,January,2025,Q1,Wednesday,3,5,False,FY2024-25,Winter
2025-01-30,20250130,30,1,January,2025,Q1,Thursday,4,5,False,FY2024-25,Winter
2025-01-31,20250131,31,1,January,2025,Q1,Friday,5,5,False,FY2024-25,Winter
2025-02-01,20250201,1,2,February,2025,Q1,Saturday,6,5,True,FY2024-25,Winter
2025-02-02,20250202,2,2,February,2025,Q1,Sunday,7,5,True,FY2024-25,Winter
2025-02-03,20250203,3,2,February,2025,Q1,Monday,1,6,False,FY2024-25,Winter
2025-02-04,20250204,4,2,February,2025,Q1,Tuesday,2,6,False,FY2024-25,Winter
2025-02-05,20250205,5,2,February,2025,Q1,Wednesday,3,6,False,FY2024-25,Winter
2025-02-06,20250206,6,2,February,2025,Q1,Thursday,4,6,False,FY2024-25,Winter
2025-02-07,20250207,7,2,February,2025,Q1,Friday,5,6,False,FY2024-25,Winter
2025-02-08,20250208,8,2,February,2025,Q1,Saturday,6,6,True,FY2024-25,Winter
2025-02-09,20250209,9,2,February,2025,Q1,Sunday,7,6,True,FY2024-25,Winter
2025-02-10,20250210,10,2,February,2025,Q1,Monday,1,7,False,FY2024-25,Winter
2025-02-11,20250211,11,2,February,2025,Q1,Tuesday,2,7,False,FY2024-25,Winter
2025-02-12,20250212,12,2,February,2025,Q1,Wednesday,3,7,False,FY2024-25,Winter
2025-02-13,20250213,13,2,February,2025,Q1,Thursday,4,7,False,FY2024-25,Winter
2025-02-14,20250214,14,2,February,2025,Q1,Friday,5,7,False,FY2024-25,Winter
2025-02-15,20250215,15,2,February,2025,Q1,Saturday,6,7,True,FY2024-25,Winter
2025-02-16,20250216,16,2,February,2025,Q1,Sunday,7,7,True,FY2024-25,Winter
2025-02-17,20250217,17,2,February,2025,Q1,Monday,1,8,False,FY2024-25,Winter
2025-02-18,20250218,18,2,February,2025,Q1,Tuesday,2,8,False,FY2024-25,Winter
2025-02-19,20250219,19,2,February,2025,Q1,Wednesday,3,8,False,FY2024-25,Winter
2025-02-20,20250220,20,2,February,2025,Q1,Thursday,4,8,False,FY2024-25,Winter
2025-02-21,20250221,21,2,February,2025,Q1,Friday,5,8,False,FY2024-25,Winter
2025-02-22,20250222,22,2,February,2025,Q1,Saturday,6,8,True,FY2024-25,Winter
2025-02-23,20250223,23,2,February,2025,Q1,Sunday,7,8,True,FY2024-25,Winter
2025-02-24,20250224,24,2,February,2025,Q1,Monday,1,9,False,FY2024-25,Winter
2025-02-25,20250225,25,2,February,2025,Q1,Tuesday,2,9,False,FY2024-25,Winter
2025-02-26,20250226,26,2,February,2025,Q1,Wednesday,3,9,False,FY2024-25,Winter
2025-02-27,20250227,27,2,February,2025,Q1,Thursday,4,9,False,FY2024-25,Winter
2025-02-28,20250228,28,2,February,2025,Q1,Friday,5,9,False,FY2024-25,Winter
2025-03-01,20250301,1,3,March,2025,Q1,Saturday,6,9,True,FY2024-25,Summer
2025-03-02,20250302,2,3,March,2025,Q1,Sunday,7,9,True,FY2024-25,Summer
2025-03-03,20250303,3,3,March,2025,Q1,Monday,1,10,False,FY2024-25,Summer
2025-03-04,20250304,4,3,March,2025,Q1,Tuesday,2,10,False,FY2024-25,Summer
2025-03-05,20250305,5,3,March,2025,Q1,Wednesday,3,10,False,FY2024-25,Summer
2025-03-06,20250306,6,3,March,2025,Q1,Thursday,4,10,False,FY2024-25,Summer
2025-03-07,20250307,7,3,March,2025,Q1,Friday,5,10,False,FY2024-25,Summer
2025-03-08,20250308,8,3,March,2025,Q1,Saturday,6,10,True,FY2024-25,Summer
2025-03-09,20250309,9,3,March,2025,Q1,Sunday,7,10,True,FY2024-25,Summer
2025-03-10,20250310,10,3,March,2025,Q1,Monday,1,11,False,FY2024-25,Summer
2025-03-11,20250311,11,3,March,2025,Q1,Tuesday,2,11,False,FY2024-25,Summer
2025-03-12,20250312,12,3,March,2025,Q1,Wednesday,3,11,False,FY2024-25,Summer
2025-03-13,20250313,13,3,March,2025,Q1,Thursday,4,11,False,FY2024-25,Summer
2025-03-14,20250314,14,3,March,2025,Q1,Friday,5,11,False,FY2024-25,Summer
2025-03-15,20250315,15,3,March,2025,Q1,Saturday,6,11,True,FY2024-25,Summer
2025-03-16,20250316,16,3,March,2025,Q1,Sunday,7,11,True,FY2024-25,Summer
2025-03-17,20250317,17,3,March,2025,Q1,Monday,1,12,False,FY2024-25,Summer
2025-03-18,20250318,18,3,March,2025,Q1,Tuesday,2,12,False,FY2024-25,Summer
2025-03-19,20250319,19,3,March,2025,Q1,Wednesday,3,12,False,FY2024-25,Summer
2025-03-20,20250320,20,3,March,2025,Q1,Thursday,4,12,False,FY2024-25,Summer
2025-03-21,20250321,21,3,March,2025,Q1,Friday,5,12,False,FY2024-25,Summer
2025-03-22,20250322,22,3,March,2025,Q1,Saturday,6,12,True,FY2024-25,Summer
2025-03-23,20250323,23,3,March,2025,Q1,Sunday,7,12,True,FY2024-25,Summer
2025-03-24,20250324,24,3,March,2025,Q1,Monday,1,13,False,FY2024-25,Summer
2025-03-25,20250325,25,3,March,2025,Q1,Tuesday,2,13,False,FY2024-25,Summer
2025-03-26,20250326,26,3,March,2025,Q1,Wednesday,3,13,False,FY2024-25,Summer
2025-03-27,20250327,27,3,March,2025,Q1,Thursday,4,13,False,FY2024-25,Summer
2025-03-28,20250328,28,3,March,2025,Q1,Friday,5,13,False,FY2024-25,Summer
2025-03-29,20250329,29,3,March,2025,Q1,Saturday,6,13,True,FY2024-25,Summer
2025-03-30,20250330,30,3,March,2025,Q1,Sunday,7,13,True,FY2024-25,Summer
2025-03-31,20250331,31,3,March,2025,Q1,Monday,1,14,False,FY2024-25,Summer
2025-04-01,20250401,1,4,April,2025,Q2,Tuesday,2,14,False,FY2025-26,Summer
2025-04-02,20250402,2,4,April,2025,Q2,Wednesday,3,14,False,FY2025-26,Summer
2025-04-03,20250403,3,4,April,2025,Q2,Thursday,4,14,False,FY2025-26,Summer
2025-04-04,20250404,4,4,April,2025,Q2,Friday,5,14,False,FY2025-26,Summer
2025-04-05,20250405,5,4,April,2025,Q2,Saturday,6,14,True,FY2025-26,Summer
2025-04-06,20250406,6,4,April,2025,Q2,Sunday,7,14,True,FY2025-26,Summer
2025-04-07,20250407,7,4,April,2025,Q2,Monday,1,15,False,FY2025-26,Summer
2025-04-08,20250408,8,4,April,2025,Q2,Tuesday,2,15,False,FY2025-26,Summer
2025-04-09,20250409,9,4,April,2025,Q2,Wednesday,3,15,False,FY2025-26,Summer
2025-04-10,20250410,10,4,April,2025,Q2,Thursday,4,15,False,FY2025-26,Summer
2025-04-11,20250411,11,4,April,2025,Q2,Friday,5,15,False,FY2025-26,Summer
2025-04-12,20250412,12,4,April,2025,Q2,Saturday,6,15,True,FY2025-26,Summer
2025-04-13,20250413,13,4,April,2025,Q2,Sunday,7,15,True,FY2025-26,Summer
2025-04-14,20250414,14,4,April,2025,Q2,Monday,1,16,False,FY2025-26,Summer
2025-04-15,20250415,15,4,April,2025,Q2,Tuesday,2,16,False,FY2025-26,Summer
2025-04-16,20250416,16,4,April,2025,Q2,Wednesday,3,16,False,FY2025-26,Summer
2025-04-17,20250417,17,4,April,2025,Q2,Thursday,4,16,False,FY2025-26,Summer
2025-04-18,20250418,18,4,April,2025,Q2,Friday,5,16,False,FY2025-26,Summer
2025-04-19,20250419,19,4,April,2025,Q2,Saturday,6,16,True,FY2025-26,Summer
2025-04-20,20250420,20,4,April,2025,Q2,Sunday,7,16,True,FY2025-26,Summer
2025-04-21,20250421,21,4,April,2025,Q2,Monday,1,17,False,FY2025-26,Summer
2025-04-22,20250422,22,4,April,2025,Q2,Tuesday,2,17,False,FY2025-26,Summer
2025-04-23,20250423,23,4,April,2025,Q2,Wednesday,3,17,False,FY2025-26,Summer
2025-04-24,20250424,24,4,April,2025,Q2,Thursday,4,17,False,FY2025-26,Summer
2025-04-25,20250425,25,4,April,2025,Q2,Friday,5,17,False,FY2025-26,Summer
2025-04-26,20250426,26,4,April,2025,Q2,Saturday,6,17,True,FY2025-26,Summer
2025-04-27,20250427,27,4,April,2025,Q2,Sunday,7,17,True,FY2025-26,Summer
2025-04-28,20250428,28,4,April,2025,Q2,Monday,1,18,False,FY2025-26,Summer
2025-04-29,20250429,29,4,April,2025,Q2,Tuesday,2,18,False,FY2025-26,Summer
2025-04-30,20250430,30,4,April,2025,Q2,Wednesday,3,18,False,FY2025-26,Summer
2025-05-01,20250501,1,5,May,2025,Q2,Thursday,4,18,False,FY2025-26,Summer
2025-05-02,20250502,2,5,May,2025,Q2,Friday,5,18,False,FY2025-26,Summer
2025-05-03,20250503,3,5,May,2025,Q2,Saturday,6,18,True,FY2025-26,Summer
2025-05-04,20250504,4,5,May,2025,Q2,Sunday,7,18,True,FY2025-26,Summer
2025-05-05,20250505,5,5,May,2025,Q2,Monday,1,19,False,FY2025-26,Summer
2025-05-06,20250506,6,5,May,2025,Q2,Tuesday,2,19,False,FY2025-26,Summer
2025-05-07,20250507,7,5,May,2025,Q2,Wednesday,3,19,False,FY2025-26,Summer
2025-05-08,20250508,8,5,May,2025,Q2,Thursday,4,19,False,FY2025-26,Summer
2025-05-09,20250509,9,5,May,2025,Q2,Friday,5,19,False,FY2025-26,Summer
2025-05-10,20250510,10,5,May,2025,Q2,Saturday,6,19,True,FY2025-26,Summer
2025-05-11,20250511,11,5,May,2025,Q2,Sunday,7,19,True,FY2025-26,Summer
2025-05-12,20250512,12,5,May,2025,Q2,Monday,1,20,False,FY2025-26,Summer
2025-05-13,20250513,13,5,May,2025,Q2,Tuesday,2,20,False,FY2025-26,Summer
2025-05-14,20250514,14,5,May,2025,Q2,Wednesday,3,20,False,FY2025-26,Summer
2025-05-15,20250515,15,5,May,2025,Q2,Thursday,4,20,False,FY2025-26,Summer
2025-05-16,20250516,16,5,May,2025,Q2,Friday,5,20,False,FY2025-26,Summer
2025-05-17,20250517,17,5,May,2025,Q2,Saturday,6,20,True,FY2025-26,Summer
2025-05-18,20250518,18,5,May,2025,Q2,Sunday,7,20,True,FY2025-26,Summer
2025-05-19,20250519,19,5,May,2025,Q2,Monday,1,21,False,FY2025-26,Summer
2025-05-20,20250520,20,5,May,2025,Q2,Tuesday,2,21,False,FY2025-26,Summer
2025-05-21,20250521,21,5,May,2025,Q2,Wednesday,3,21,False,FY2025-26,Summer
2025-05-22,20250522,22,5,May,2025,Q2,Thursday,4,21,False,FY2025-26,Summer
2025-05-23,20250523,23,5,May,2025,Q2,Friday,5,21,False,FY2025-26,Summer
2025-05-24,20250524,24,5,May,2025,Q2,Saturday,6,21,True,FY2025-26,Summer
2025-05-25,20250525,25,5,May,2025,Q2,Sunday,7,21,True,FY2025-26,Summer
2025-05-26,20250526,26,5,May,2025,Q2,Monday,1,22,False,FY2025-26,Summer
2025-05-27,20250527,27,5,May,2025,Q2,Tuesday,2,22,False,FY2025-26,Summer
2025-05-28,20250528,28,5,May,2025,Q2,Wednesday,3,22,False,FY2025-26,Summer
2025-05-29,20250529,29,5,May,2025,Q2,Thursday,4,22,False,FY2025-26,Summer
2025-05-30,20250530,30,5,May,2025,Q2,Friday,5,22,False,FY2025-26,Summer
2025-05-31,20250531,31,5,May,2025,Q2,Saturday,6,22,True,FY2025-26,Summer
2025-06-01,20250601,1,6,June,2025,Q2,Sunday,7,22,True,FY2025-26,Monsoon
2025-06-02,20250602,2,6,June,2025,Q2,Monday,1,23,False,FY2025-26,Monsoon
2025-06-03,20250603,3,6,June,2025,Q2,Tuesday,2,23,False,FY2025-26,Monsoon
2025-06-04,20250604,4,6,June,2025,Q2,Wednesday,3,23,False,FY2025-26,Monsoon
2025-06-05,20250605,5,6,June,2025,Q2,Thursday,4,23,False,FY2025-26,Monsoon
2025-06-06,20250606,6,6,June,2025,Q2,Friday,5,23,False,FY2025-26,Monsoon
2025-06-07,20250607,7,6,June,2025,Q2,Saturday,6,23,True,FY2025-26,Monsoon
2025-06-08,20250608,8,6,June,2025,Q2,Sunday,7,23,True,FY2025-26,Monsoon
2025-06-09,20250609,9,6,June,2025,Q2,Monday,1,24,False,FY2025-26,Monsoon
2025-06-10,20250610,10,6,June,2025,Q2,Tuesday,2,24,False,FY2025-26,Monsoon
2025-06-11,20250611,11,6,June,2025,Q2,Wednesday,3,24,False,FY2025-26,Monsoon
2025-06-12,20250612,12,6,June,2025,Q2,Thursday,4,24,False,FY2025-26,Monsoon
2025-06-13,20250613,13,6,June,2025,Q2,Friday,5,24,False,FY2025-26,Monsoon
2025-06-14,20250614,14,6,June,2025,Q2,Saturday,6,24,True,FY2025-26,Monsoon
2025-06-15,20250615,15,6,June,2025,Q2,Sunday,7,24,True,FY2025-26,Monsoon
2025-06-16,20250616,16,6,June,2025,Q2,Monday,1,25,False,FY2025-26,Monsoon
2025-06-17,20250617,17,6,June,2025,Q2,Tuesday,2,25,False,FY2025-26,Monsoon
2025-06-18,20250618,18,6,June,2025,Q2,Wednesday,3,25,False,FY2025-26,Monsoon
2025-06-19,20250619,19,6,June,2025,Q2,Thursday,4,25,False,FY2025-26,Monsoon
2025-06-20,20250620,20,6,June,2025,Q2,Friday,5,25,False,FY2025-26,Monsoon
2025-06-21,20250621,21,6,June,2025,Q2,Saturday,6,25,True,FY2025-26,Monsoon
2025-06-22,20250622,22,6,June,2025,Q2,Sunday,7,25,True,FY2025-26,Monsoon
2025-06-23,20250623,23,6,June,2025,Q2,Monday,1,26,False,FY2025-26,Monsoon
2025-06-24,20250624,24,6,June,2025,Q2,Tuesday,2,26,False,FY2025-26,Monsoon
2025-06-25,20250625,25,6,June,2025,Q2,Wednesday,3,26,False,FY2025-26,Monsoon
2025-06-26,20250626,26,6,June,2025,Q2,Thursday,4,26,False,FY2025-26,Monsoon
2025-06-27,20250627,27,6,June,2025,Q2,Friday,5,26,False,FY2025-26,Monsoon
2025-06-28,20250628,28,6,June,2025,Q2,Saturday,6,26,True,FY2025-26,Monsoon
2025-06-29,20250629,29,6,June,2025,Q2,Sunday,7,26,True,FY2025-26,Monsoon
2025-06-30,20250630,30,6,June,2025,Q2,Monday,1,27,False,FY2025-26,Monsoon
2025-07-01,20250701,1,7,July,2025,Q3,Tuesday,2,27,False,FY2025-26,Monsoon
2025-07-02,20250702,2,7,July,2025,Q3,Wednesday,3,27,False,FY2025-26,Monsoon
2025-07-03,20250703,3,7,July,2025,Q3,Thursday,4,27,False,FY2025-26,Monsoon
2025-07-04,20250704,4,7,July,2025,Q3,Friday,5,27,False,FY2025-26,Monsoon
2025-07-05,20250705,5,7,July,2025,Q3,Saturday,6,27,True,FY2025-26,Monsoon
2025-07-06,20250706,6,7,July,2025,Q3,Sunday,7,27,True,FY2025-26,Monsoon
2025-07-07,20250707,7,7,July,2025,Q3,Monday,1,28,False,FY2025-26,Monsoon
2025-07-08,20250708,8,7,July,2025,Q3,Tuesday,2,28,False,FY2025-26,Monsoon
2025-07-09,20250709,9,7,July,2025,Q3,Wednesday,3,28,False,FY2025-26,Monsoon
2025-07-10,20250710,10,7,July,2025,Q3,Thursday,4,28,False,FY2025-26,Monsoon
2025-07-11,20250711,11,7,July,2025,Q3,Friday,5,28,False,FY2025-26,Monsoon
2025-07-12,20250712,12,7,July,2025,Q3,Saturday,6,28,True,FY2025-26,Monsoon
2025-07-13,20250713,13,7,July,2025,Q3,Sunday,7,28,True,FY2025-26,Monsoon
2025-07-14,20250714,14,7,July,2025,Q3,Monday,1,29,False,FY2025-26,Monsoon
2025-07-15,20250715,15,7,July,2025,Q3,Tuesday,2,29,False,FY2025-26,Monsoon
2025-07-16,20250716,16,7,July,2025,Q3,Wednesday,3,29,False,FY2025-26,Monsoon
2025-07-17,20250717,17,7,July,2025,Q3,Thursday,4,29,False,FY2025-26,Monsoon
2025-07-18,20250718,18,7,July,2025,Q3,Friday,5,29,False,FY2025-26,Monsoon
2025-07-19,20250719,19,7,July,2025,Q3,Saturday,6,29,True,FY2025-26,Monsoon
2025-07-20,20250720,20,7,July,2025,Q3,Sunday,7,29,True,FY2025-26,Monsoon
2025-07-21,20250721,21,7,July,2025,Q3,Monday,1,30,False,FY2025-26,Monsoon
2025-07-22,20250722,22,7,July,2025,Q3,Tuesday,2,30,False,FY2025-26,Monsoon
2025-07-23,20250723,23,7,July,2025,Q3,Wednesday,3,30,False,FY2025-26,Monsoon
2025-07-24,20250724,24,7,July,2025,Q3,Thursday,4,30,False,FY2025-26,Monsoon
2025-07-25,20250725,25,7,July,2025,Q3,Friday,5,30,False,FY2025-26,Monsoon
2025-07-26,20250726,26,7,July,2025,Q3,Saturday,6,30,True,FY2025-26,Monsoon
2025-07-27,20250727,27,7,July,2025,Q3,Sunday,7,30,True,FY2025-26,Monsoon
2025-07-28,20250728,28,7,July,2025,Q3,Monday,1,31,False,FY2025-26,Monsoon
2025-07-29,20250729,29,7,July,2025,Q3,Tuesday,2,31,False,FY2025-26,Monsoon
2025-07-30,20250730,30,7,July,2025,Q3,Wednesday,3,31,False,FY2025-26,Monsoon
2025-07-31,20250731,31,7,July,2025,Q3,Thursday,4,31,False,FY2025-26,Monsoon
2025-08-01,20250801,1,8,August,2025,Q3,Friday,5,31,False,FY2025-26,Monsoon
2025-08-02,20250802,2,8,August,2025,Q3,Saturday,6,31,True,FY2025-26,Monsoon
2025-08-03,20250803,3,8,August,2025,Q3,Sunday,7,31,True,FY2025-26,Monsoon
2025-08-04,20250804,4,8,August,2025,Q3,Monday,1,32,False,FY2025-26,Monsoon
2025-08-05,20250805,5,8,August,2025,Q3,Tuesday,2,32,False,FY2025-26,Monsoon
2025-08-06,20250806,6,8,August,2025,Q3,Wednesday,3,32,False,FY2025-26,Monsoon
2025-08-07,20250807,7,8,August,2025,Q3,Thursday,4,32,False,FY2025-26,Monsoon
2025-08-08,20250808,8,8,August,2025,Q3,Friday,5,32,False,FY2025-26,Monsoon
2025-08-09,20250809,9,8,August,2025,Q3,Saturday,6,32,True,FY2025-26,Monsoon
2025-08-10,20250810,10,8,August,2025,Q3,Sunday,7,32,True,FY2025-26,Monsoon
2025-08-11,20250811,11,8,August,2025,Q3,Monday,1,33,False,FY2025-26,Monsoon
2025-08-12,20250812,12,8,August,2025,Q3,Tuesday,2,33,False,FY2025-26,Monsoon
2025-08-13,20250813,13,8,August,2025,Q3,Wednesday,3,33,False,FY2025-26,Monsoon
2025-08-14,20250814,14,8,August,2025,Q3,Thursday,4,33,False,FY2025-26,Monsoon
2025-08-15,20250815,15,8,August,2025,Q3,Friday,5,33,False,FY2025-26,Monsoon
2025-08-16,20250816,16,8,August,2025,Q3,Saturday,6,33,True,FY2025-26,Monsoon
2025-08-17,20250817,17,8,August,2025,Q3,Sunday,7,33,True,FY2025-26,Monsoon
2025-08-18,20250818,18,8,August,2025,Q3,Monday,1,34,False,FY2025-26,Monsoon
2025-08-19,20250819,19,8,August,2025,Q3,Tuesday,2,34,False,FY2025-26,Monsoon
2025-08-20,20250820,20,8,August,2025,Q3,Wednesday,3,34,False,FY2025-26,Monsoon
2025-08-21,20250821,21,8,August,2025,Q3,Thursday,4,34,False,FY2025-26,Monsoon
2025-08-22,20250822,22,8,August,2025,Q3,Friday,5,34,False,FY2025-26,Monsoon
2025-08-23,20250823,23,8,August,2025,Q3,Saturday,6,34,True,FY2025-26,Monsoon
2025-08-24,20250824,24,8,August,2025,Q3,Sunday,7,34,True,FY2025-26,Monsoon
2025-08-25,20250825,25,8,August,2025,Q3,Monday,1,35,False,FY2025-26,Monsoon
2025-08-26,20250826,26,8,August,2025,Q3,Tuesday,2,35,False,FY2025-26,Monsoon
2025-08-27,20250827,27,8,August,2025,Q3,Wednesday,3,35,False,FY2025-26,Monsoon
2025-08-28,20250828,28,8,August,2025,Q3,Thursday,4,35,False,FY2025-26,Monsoon
2025-08-29,20250829,29,8,August,2025,Q3,Friday,5,35,False,FY2025-26,Monsoon
2025-08-30,20250830,30,8,August,2025,Q3,Saturday,6,35,True,FY2025-26,Monsoon
2025-08-31,20250831,31,8,August,2025,Q3,Sunday,7,35,True,FY2025-26,Monsoon
2025-09-01,20250901,1,9,September,2025,Q3,Monday,1,36,False,FY2025-26,Monsoon
2025-09-02,20250902,2,9,September,2025,Q3,Tuesday,2,36,False,FY2025-26,Monsoon
2025-09-03,20250903,3,9,September,2025,Q3,Wednesday,3,36,False,FY2025-26,Monsoon
2025-09-04,20250904,4,9,September,2025,Q3,Thursday,4,36,False,FY2025-26,Monsoon
2025-09-05,20250905,5,9,September,2025,Q3,Friday,5,36,False,FY2025-26,Monsoon
2025-09-06,20250906,6,9,September,2025,Q3,Saturday,6,36,True,FY2025-26,Monsoon
2025-09-07,20250907,7,9,September,2025,Q3,Sunday,7,36,True,FY2025-26,Monsoon
2025-09-08,20250908,8,9,September,2025,Q3,Monday,1,37,False,FY2025-26,Monsoon
2025-09-09,20250909,9,9,September,2025,Q3,Tuesday,2,37,False,FY2025-26,Monsoon
2025-09-10,20250910,10,9,September,2025,Q3,Wednesday,3,37,False,FY2025-26,Monsoon
2025-09-11,20250911,11,9,September,2025,Q3,Thursday,4,37,False,FY2025-26,Monsoon
2025-09-12,20250912,12,9,September,2025,Q3,Friday,5,37,False,FY2025-26,Monsoon
2025-09-13,20250913,13,9,September,2025,Q3,Saturday,6,37,True,FY2025-26,Monsoon
2025-09-14,20250914,14,9,September,2025,Q3,Sunday,7,37,True,FY2025-26,Monsoon
2025-09-15,20250915,15,9,September,2025,Q3,Monday,1,38,False,FY2025-26,Monsoon
2025-09-16,20250916,16,9,September,2025,Q3,Tuesday,2,38,False,FY2025-26,Monsoon
2025-09-17,20250917,17,9,September,2025,Q3,Wednesday,3,38,False,FY2025-26,Monsoon
2025-09-18,20250918,18,9,September,2025,Q3,Thursday,4,38,False,FY2025-26,Monsoon
2025-09-19,20250919,19,9,September,2025,Q3,Friday,5,38,False,FY2025-26,Monsoon
2025-09-20,20250920,20,9,September,2025,Q3,Saturday,6,38,True,FY2025-26,Monsoon
2025-09-21,20250921,21,9,September,2025,Q3,Sunday,7,38,True,FY2025-26,Monsoon
2025-09-22,20250922,22,9,September,2025,Q3,Monday,1,39,False,FY2025-26,Monsoon
2025-09-23,20250923,23,9,September,2025,Q3,Tuesday,2,39,False,FY2025-26,Monsoon
2025-09-24,20250924,24,9,September,2025,Q3,Wednesday,3,39,False,FY2025-26,Monsoon
2025-09-25,20250925,25,9,September,2025,Q3,Thursday,4,39,False,FY2025-26,Monsoon
2025-09-26,20250926,26,9,September,2025,Q3,Friday,5,39,False,FY2025-26,Monsoon
2025-09-27,20250927,27,9,September,2025,Q3,Saturday,6,39,True,FY2025-26,Monsoon
2025-09-28,20250928,28,9,September,2025,Q3,Sunday,7,39,True,FY2025-26,Monsoon
2025-09-29,20250929,29,9,September,2025,Q3,Monday,1,40,False,FY2025-26,Monsoon
2025-09-30,20250930,30,9,September,2025,Q3,Tuesday,2,40,False,FY2025-26,Monsoon
2025-10-01,20251001,1,10,October,2025,Q4,Wednesday,3,40,False,FY2025-26,Festive
2025-10-02,20251002,2,10,October,2025,Q4,Thursday,4,40,False,FY2025-26,Festive
2025-10-03,20251003,3,10,October,2025,Q4,Friday,5,40,False,FY2025-26,Festive
2025-10-04,20251004,4,10,October,2025,Q4,Saturday,6,40,True,FY2025-26,Festive
2025-10-05,20251005,5,10,October,2025,Q4,Sunday,7,40,True,FY2025-26,Festive
2025-10-06,20251006,6,10,October,2025,Q4,Monday,1,41,False,FY2025-26,Festive
2025-10-07,20251007,7,10,October,2025,Q4,Tuesday,2,41,False,FY2025-26,Festive
2025-10-08,20251008,8,10,October,2025,Q4,Wednesday,3,41,False,FY2025-26,Festive
2025-10-09,20251009,9,10,October,2025,Q4,Thursday,4,41,False,FY2025-26,Festive
2025-10-10,20251010,10,10,October,2025,Q4,Friday,5,41,False,FY2025-26,Festive
2025-10-11,20251011,11,10,October,2025,Q4,Saturday,6,41,True,FY2025-26,Festive
2025-10-12,20251012,12,10,October,2025,Q4,Sunday,7,41,True,FY2025-26,Festive
2025-10-13,20251013,13,10,October,2025,Q4,Monday,1,42,False,FY2025-26,Festive
2025-10-14,20251014,14,10,October,2025,Q4,Tuesday,2,42,False,FY2025-26,Festive
2025-10-15,20251015,15,10,October,2025,Q4,Wednesday,3,42,False,FY2025-26,Festive
2025-10-16,20251016,16,10,October,2025,Q4,Thursday,4,42,False,FY2025-26,Festive
2025-10-17,20251017,17,10,October,2025,Q4,Friday,5,42,False,FY2025-26,Festive
2025-10-18,20251018,18,10,October,2025,Q4,Saturday,6,42,True,FY2025-26,Festive
2025-10-19,20251019,19,10,October,2025,Q4,Sunday,7,42,True,FY2025-26,Festive
2025-10-20,20251020,20,10,October,2025,Q4,Monday,1,43,False,FY2025-26,Festive
2025-10-21,20251021,21,10,October,2025,Q4,Tuesday,2,43,False,FY2025-26,Festive
2025-10-22,20251022,22,10,October,2025,Q4,Wednesday,3,43,False,FY2025-26,Festive
2025-10-23,20251023,23,10,October,2025,Q4,Thursday,4,43,False,FY2025-26,Festive
2025-10-24,20251024,24,10,October,2025,Q4,Friday,5,43,False,FY2025-26,Festive
2025-10-25,20251025,25,10,October,2025,Q4,Saturday,6,43,True,FY2025-26,Festive
2025-10-26,20251026,26,10,October,2025,Q4,Sunday,7,43,True,FY2025-26,Festive
2025-10-27,20251027,27,10,October,2025,Q4,Monday,1,44,False,FY2025-26,Festive
2025-10-28,20251028,28,10,October,2025,Q4,Tuesday,2,44,False,FY2025-26,Festive
2025-10-29,20251029,29,10,October,2025,Q4,Wednesday,3,44,False,FY2025-26,Festive
2025-10-30,20251030,30,10,October,2025,Q4,Thursday,4,44,False,FY2025-26,Festive
2025-10-31,20251031,31,10,October,2025,Q4,Friday,5,44,False,FY2025-26,Festive
2025-11-01,20251101,1,11,November,2025,Q4,Saturday,6,44,True,FY2025-26,Festive
2025-11-02,20251102,2,11,November,2025,Q4,Sunday,7,44,True,FY2025-26,Festive
2025-11-03,20251103,3,11,November,2025,Q4,Monday,1,45,False,FY2025-26,Festive
2025-11-04,20251104,4,11,November,2025,Q4,Tuesday,2,45,False,FY2025-26,Festive
2025-11-05,20251105,5,11,November,2025,Q4,Wednesday,3,45,False,FY2025-26,Festive
2025-11-06,20251106,6,11,November,2025,Q4,Thursday,4,45,False,FY2025-26,Festive
2025-11-07,20251107,7,11,November,2025,Q4,Friday,5,45,False,FY2025-26,Festive
2025-11-08,20251108,8,11,November,2025,Q4,Saturday,6,45,True,FY2025-26,Festive
2025-11-09,20251109,9,11,November,2025,Q4,Sunday,7,45,True,FY2025-26,Festive
2025-11-10,20251110,10,11,November,2025,Q4,Monday,1,46,False,FY2025-26,Festive
2025-11-11,20251111,11,11,November,2025,Q4,Tuesday,2,46,False,FY2025-26,Festive
2025-11-12,20251112,12,11,November,2025,Q4,Wednesday,3,46,False,FY2025-26,Festive
2025-11-13,20251113,13,11,November,2025,Q4,Thursday,4,46,False,FY2025-26,Festive
2025-11-14,20251114,14,11,November,2025,Q4,Friday,5,46,False,FY2025-26,Festive
2025-11-15,20251115,15,11,November,2025,Q4,Saturday,6,46,True,FY2025-26,Festive
2025-11-16,20251116,16,11,November,2025,Q4,Sunday,7,46,True,FY2025-26,Festive
2025-11-17,20251117,17,11,November,2025,Q4,Monday,1,47,False,FY2025-26,Festive
2025-11-18,20251118,18,11,November,2025,Q4,Tuesday,2,47,False,FY2025-26,Festive
2025-11-19,20251119,19,11,November,2025,Q4,Wednesday,3,47,False,FY2025-26,Festive
2025-11-20,20251120,20,11,November,2025,Q4,Thursday,4,47,False,FY2025-26,Festive
2025-11-21,20251121,21,11,November,2025,Q4,Friday,5,47,False,FY2025-26,Festive
2025-11-22,20251122,22,11,November,2025,Q4,Saturday,6,47,True,FY2025-26,Festive
2025-11-23,20251123,23,11,November,2025,Q4,Sunday,7,47,True,FY2025-26,Festive
2025-11-24,20251124,24,11,November,2025,Q4,Monday,1,48,False,FY2025-26,Festive
2025-11-25,20251125,25,11,November,2025,Q4,Tuesday,2,48,False,FY2025-26,Festive
2025-11-26,20251126,26,11,November,2025,Q4,Wednesday,3,48,False,FY2025-26,Festive
2025-11-27,20251127,27,11,November,2025,Q4,Thursday,4,48,False,FY2025-26,Festive
2025-11-28,20251128,28,11,November,2025,Q4,Friday,5,48,False,FY2025-26,Festive
2025-11-29,20251129,29,11,November,2025,Q4,Saturday,6,48,True,FY2025-26,Festive
2025-11-30,20251130,30,11,November,2025,Q4,Sunday,7,48,True,FY2025-26,Festive
2025-12-01,20251201,1,12,December,2025,Q4,Monday,1,49,False,FY2025-26,Winter
2025-12-02,20251202,2,12,December,2025,Q4,Tuesday,2,49,False,FY2025-26,Winter
2025-12-03,20251203,3,12,December,2025,Q4,Wednesday,3,49,False,FY2025-26,Winter
2025-12-04,20251204,4,12,December,2025,Q4,Thursday,4,49,False,FY2025-26,Winter
2025-12-05,20251205,5,12,December,2025,Q4,Friday,5,49,False,FY2025-26,Winter
2025-12-06,20251206,6,12,December,2025,Q4,Saturday,6,49,True,FY2025-26,Winter
2025-12-07,20251207,7,12,December,2025,Q4,Sunday,7,49,True,FY2025-26,Winter
2025-12-08,20251208,8,12,December,2025,Q4,Monday,1,50,False,FY2025-26,Winter
2025-12-09,20251209,9,12,December,2025,Q4,Tuesday,2,50,False,FY2025-26,Winter
2025-12-10,20251210,10,12,December,2025,Q4,Wednesday,3,50,False,FY2025-26,Winter
2025-12-11,20251211,11,12,December,2025,Q4,Thursday,4,50,False,FY2025-26,Winter
2025-12-12,20251212,12,12,December,2025,Q4,Friday,5,50,False,FY2025-26,Winter
2025-12-13,20251213,13,12,December,2025,Q4,Saturday,6,50,True,FY2025-26,Winter
2025-12-14,20251214,14,12,December,2025,Q4,Sunday,7,50,True,FY2025-26,Winter
2025-12-15,20251215,15,12,December,2025,Q4,Monday,1,51,False,FY2025-26,Winter
2025-12-16,20251216,16,12,December,2025,Q4,Tuesday,2,51,False,FY2025-26,Winter
2025-12-17,20251217,17,12,December,2025,Q4,Wednesday,3,51,False,FY2025-26,Winter
2025-12-18,20251218,18,12,December,2025,Q4,Thursday,4,51,False,FY2025-26,Winter
2025-12-19,20251219,19,12,December,2025,Q4,Friday,5,51,False,FY2025-26,Winter
2025-12-20,20251220,20,12,December,2025,Q4,Saturday,6,51,True,FY2025-26,Winter
2025-12-21,20251221,21,12,December,2025,Q4,Sunday,7,51,True,FY2025-26,Winter
2025-12-22,20251222,22,12,December,2025,Q4,Monday,1,52,False,FY2025-26,Winter
2025-12-23,20251223,23,12,December,2025,Q4,Tuesday,2,52,False,FY2025-26,Winter
2025-12-24,20251224,24,12,December,2025,Q4,Wednesday,3,52,False,FY2025-26,Winter
2025-12-25,20251225,25,12,December,2025,Q4,Thursday,4,52,False,FY2025-26,Winter
2025-12-26,20251226,26,12,December,2025,Q4,Friday,5,52,False,FY2025-26,Winter
2025-12-27,20251227,27,12,December,2025,Q4,Saturday,6,52,True,FY2025-26,Winter
2025-12-28,20251228,28,12,December,2025,Q4,Sunday,7,52,True,FY2025-26,Winter
2025-12-29,20251229,29,12,December,2025,Q4,Monday,1,1,False,FY2025-26,Winter
2025-12-30,20251230,30,12,December,2025,Q4,Tuesday,2,1,False,FY2025-26,Winter
2025-12-31,20251231,31,12,December,2025,Q4,Wednesday,3,1,False,FY2025-26,Winter
2026-01-01,20260101,1,1,January,2026,Q1,Thursday,4,1,False,FY2025-26,Winter
2026-01-02,20260102,2,1,January,2026,Q1,Friday,5,1,False,FY2025-26,Winter
2026-01-03,20260103,3,1,January,2026,Q1,Saturday,6,1,True,FY2025-26,Winter
2026-01-04,20260104,4,1,January,2026,Q1,Sunday,7,1,True,FY2025-26,Winter
2026-01-05,20260105,5,1,January,2026,Q1,Monday,1,2,False,FY2025-26,Winter
2026-01-06,20260106,6,1,January,2026,Q1,Tuesday,2,2,False,FY2025-26,Winter
2026-01-07,20260107,7,1,January,2026,Q1,Wednesday,3,2,False,FY2025-26,Winter
2026-01-08,20260108,8,1,January,2026,Q1,Thursday,4,2,False,FY2025-26,Winter
2026-01-09,20260109,9,1,January,2026,Q1,Friday,5,2,False,FY2025-26,Winter
2026-01-10,20260110,10,1,January,2026,Q1,Saturday,6,2,True,FY2025-26,Winter
2026-01-11,20260111,11,1,January,2026,Q1,Sunday,7,2,True,FY2025-26,Winter
2026-01-12,20260112,12,1,January,2026,Q1,Monday,1,3,False,FY2025-26,Winter
2026-01-13,20260113,13,1,January,2026,Q1,Tuesday,2,3,False,FY2025-26,Winter
2026-01-14,20260114,14,1,January,2026,Q1,Wednesday,3,3,False,FY2025-26,Winter
2026-01-15,20260115,15,1,January,2026,Q1,Thursday,4,3,False,FY2025-26,Winter
2026-01-16,20260116,16,1,January,2026,Q1,Friday,5,3,False,FY2025-26,Winter
2026-01-17,20260117,17,1,January,2026,Q1,Saturday,6,3,True,FY2025-26,Winter
2026-01-18,20260118,18,1,January,2026,Q1,Sunday,7,3,True,FY2025-26,Winter
2026-01-19,20260119,19,1,January,2026,Q1,Monday,1,4,False,FY2025-26,Winter
2026-01-20,20260120,20,1,January,2026,Q1,Tuesday,2,4,False,FY2025-26,Winter
2026-01-21,20260121,21,1,January,2026,Q1,Wednesday,3,4,False,FY2025-26,Winter
2026-01-22,20260122,22,1,January,2026,Q1,Thursday,4,4,False,FY2025-26,Winter
2026-01-23,20260123,23,1,January,2026,Q1,Friday,5,4,False,FY2025-26,Winter
2026-01-24,20260124,24,1,January,2026,Q1,Saturday,6,4,True,FY2025-26,Winter
2026-01-25,20260125,25,1,January,2026,Q1,Sunday,7,4,True,FY2025-26,Winter
2026-01-26,20260126,26,1,January,2026,Q1,Monday,1,5,False,FY2025-26,Winter
2026-01-27,20260127,27,1,January,2026,Q1,Tuesday,2,5,False,FY2025-26,Winter
2026-01-28,20260128,28,1,January,2026,Q1,Wednesday,3,5,False,FY2025-26,Winter
2026-01-29,20260129,29,1,January,2026,Q1,Thursday,4,5,False,FY2025-26,Winter
2026-01-30,20260130,30,1,January,2026,Q1,Friday,5,5,False,FY2025-26,Winter
2026-01-31,20260131,31,1,January,2026,Q1,Saturday,6,5,True,FY2025-26,Winter
2026-02-01,20260201,1,2,February,2026,Q1,Sunday,7,5,True,FY2025-26,Winter
2026-02-02,20260202,2,2,February,2026,Q1,Monday,1,6,False,FY2025-26,Winter
2026-02-03,20260203,3,2,February,2026,Q1,Tuesday,2,6,False,FY2025-26,Winter
2026-02-04,20260204,4,2,February,2026,Q1,Wednesday,3,6,False,FY2025-26,Winter
2026-02-05,20260205,5,2,February,2026,Q1,Thursday,4,6,False,FY2025-26,Winter
2026-02-06,20260206,6,2,February,2026,Q1,Friday,5,6,False,FY2025-26,Winter
2026-02-07,20260207,7,2,February,2026,Q1,Saturday,6,6,True,FY2025-26,Winter
2026-02-08,20260208,8,2,February,2026,Q1,Sunday,7,6,True,FY2025-26,Winter
2026-02-09,20260209,9,2,February,2026,Q1,Monday,1,7,False,FY2025-26,Winter
2026-02-10,20260210,10,2,February,2026,Q1,Tuesday,2,7,False,FY2025-26,Winter
2026-02-11,20260211,11,2,February,2026,Q1,Wednesday,3,7,False,FY2025-26,Winter
2026-02-12,20260212,12,2,February,2026,Q1,Thursday,4,7,False,FY2025-26,Winter
2026-02-13,20260213,13,2,February,2026,Q1,Friday,5,7,False,FY2025-26,Winter
2026-02-14,20260214,14,2,February,2026,Q1,Saturday,6,7,True,FY2025-26,Winter
2026-02-15,20260215,15,2,February,2026,Q1,Sunday,7,7,True,FY2025-26,Winter
2026-02-16,20260216,16,2,February,2026,Q1,Monday,1,8,False,FY2025-26,Winter
2026-02-17,20260217,17,2,February,2026,Q1,Tuesday,2,8,False,FY2025-26,Winter
2026-02-18,20260218,18,2,February,2026,Q1,Wednesday,3,8,False,FY2025-26,Winter
2026-02-19,20260219,19,2,February,2026,Q1,Thursday,4,8,False,FY2025-26,Winter
2026-02-20,20260220,20,2,February,2026,Q1,Friday,5,8,False,FY2025-26,Winter
2026-02-21,20260221,21,2,February,2026,Q1,Saturday,6,8,True,FY2025-26,Winter
2026-02-22,20260222,22,2,February,2026,Q1,Sunday,7,8,True,FY2025-26,Winter
2026-02-23,20260223,23,2,February,2026,Q1,Monday,1,9,False,FY2025-26,Winter
2026-02-24,20260224,24,2,February,2026,Q1,Tuesday,2,9,False,FY2025-26,Winter
2026-02-25,20260225,25,2,February,2026,Q1,Wednesday,3,9,False,FY2025-26,Winter
2026-02-26,20260226,26,2,February,2026,Q1,Thursday,4,9,False,FY2025-26,Winter
2026-02-27,20260227,27,2,February,2026,Q1,Friday,5,9,False,FY2025-26,Winter
2026-02-28,20260228,28,2,February,2026,Q1,Saturday,6,9,True,FY2025-26,Winter
2026-03-01,20260301,1,3,March,2026,Q1,Sunday,7,9,True,FY2025-26,Summer
2026-03-02,20260302,2,3,March,2026,Q1,Monday,1,10,False,FY2025-26,Summer
2026-03-03,20260303,3,3,March,2026,Q1,Tuesday,2,10,False,FY2025-26,Summer
2026-03-04,20260304,4,3,March,2026,Q1,Wednesday,3,10,False,FY2025-26,Summer
2026-03-05,20260305,5,3,March,2026,Q1,Thursday,4,10,False,FY2025-26,Summer
2026-03-06,20260306,6,3,March,2026,Q1,Friday,5,10,False,FY2025-26,Summer
2026-03-07,20260307,7,3,March,2026,Q1,Saturday,6,10,True,FY2025-26,Summer
2026-03-08,20260308,8,3,March,2026,Q1,Sunday,7,10,True,FY2025-26,Summer
2026-03-09,20260309,9,3,March,2026,Q1,Monday,1,11,False,FY2025-26,Summer
2026-03-10,20260310,10,3,March,2026,Q1,Tuesday,2,11,False,FY2025-26,Summer
2026-03-11,20260311,11,3,March,2026,Q1,Wednesday,3,11,False,FY2025-26,Summer
2026-03-12,20260312,12,3,March,2026,Q1,Thursday,4,11,False,FY2025-26,Summer
2026-03-13,20260313,13,3,March,2026,Q1,Friday,5,11,False,FY2025-26,Summer
2026-03-14,20260314,14,3,March,2026,Q1,Saturday,6,11,True,FY2025-26,Summer
2026-03-15,20260315,15,3,March,2026,Q1,Sunday,7,11,True,FY2025-26,Summer
2026-03-16,20260316,16,3,March,2026,Q1,Monday,1,12,False,FY2025-26,Summer
2026-03-17,20260317,17,3,March,2026,Q1,Tuesday,2,12,False,FY2025-26,Summer
2026-03-18,20260318,18,3,March,2026,Q1,Wednesday,3,12,False,FY2025-26,Summer
2026-03-19,20260319,19,3,March,2026,Q1,Thursday,4,12,False,FY2025-26,Summer
2026-03-20,20260320,20,3,March,2026,Q1,Friday,5,12,False,FY2025-26,Summer
2026-03-21,20260321,21,3,March,2026,Q1,Saturday,6,12,True,FY2025-26,Summer
2026-03-22,20260322,22,3,March,2026,Q1,Sunday,7,12,True,FY2025-26,Summer
2026-03-23,20260323,23,3,March,2026,Q1,Monday,1,13,False,FY2025-26,Summer
2026-03-24,20260324,24,3,March,2026,Q1,Tuesday,2,13,False,FY2025-26,Summer
2026-03-25,20260325,25,3,March,2026,Q1,Wednesday,3,13,False,FY2025-26,Summer
2026-03-26,20260326,26,3,March,2026,Q1,Thursday,4,13,False,FY2025-26,Summer
2026-03-27,20260327,27,3,March,2026,Q1,Friday,5,13,False,FY2025-26,Summer
2026-03-28,20260328,28,3,March,2026,Q1,Saturday,6,13,True,FY2025-26,Summer
2026-03-29,20260329,29,3,March,2026,Q1,Sunday,7,13,True,FY2025-26,Summer
2026-03-30,20260330,30,3,March,2026,Q1,Monday,1,14,False,FY2025-26,Summer
2026-03-31,20260331,31,3,March,2026,Q1,Tuesday,2,14,False,FY2025-26,Summer
2026-04-01,20260401,1,4,April,2026,Q2,Wednesday,3,14,False,FY2026-27,Summer
2026-04-02,20260402,2,4,April,2026,Q2,Thursday,4,14,False,FY2026-27,Summer
2026-04-03,20260403,3,4,April,2026,Q2,Friday,5,14,False,FY2026-27,Summer
2026-04-04,20260404,4,4,April,2026,Q2,Saturday,6,14,True,FY2026-27,Summer
2026-04-05,20260405,5,4,April,2026,Q2,Sunday,7,14,True,FY2026-27,Summer
2026-04-06,20260406,6,4,April,2026,Q2,Monday,1,15,False,FY2026-27,Summer
2026-04-07,20260407,7,4,April,2026,Q2,Tuesday,2,15,False,FY2026-27,Summer
2026-04-08,20260408,8,4,April,2026,Q2,Wednesday,3,15,False,FY2026-27,Summer
2026-04-09,20260409,9,4,April,2026,Q2,Thursday,4,15,False,FY2026-27,Summer
2026-04-10,20260410,10,4,April,2026,Q2,Friday,5,15,False,FY2026-27,Summer
2026-04-11,20260411,11,4,April,2026,Q2,Saturday,6,15,True,FY2026-27,Summer
2026-04-12,20260412,12,4,April,2026,Q2,Sunday,7,15,True,FY2026-27,Summer
2026-04-13,20260413,13,4,April,2026,Q2,Monday,1,16,False,FY2026-27,Summer
2026-04-14,20260414,14,4,April,2026,Q2,Tuesday,2,16,False,FY2026-27,Summer
2026-04-15,20260415,15,4,April,2026,Q2,Wednesday,3,16,False,FY2026-27,Summer
2026-04-16,20260416,16,4,April,2026,Q2,Thursday,4,16,False,FY2026-27,Summer
2026-04-17,20260417,17,4,April,2026,Q2,Friday,5,16,False,FY2026-27,Summer
2026-04-18,20260418,18,4,April,2026,Q2,Saturday,6,16,True,FY2026-27,Summer
2026-04-19,20260419,19,4,April,2026,Q2,Sunday,7,16,True,FY2026-27,Summer
2026-04-20,20260420,20,4,April,2026,Q2,Monday,1,17,False,FY2026-27,Summer
2026-04-21,20260421,21,4,April,2026,Q2,Tuesday,2,17,False,FY2026-27,Summer
2026-04-22,20260422,22,4,April,2026,Q2,Wednesday,3,17,False,FY2026-27,Summer
2026-04-23,20260423,23,4,April,2026,Q2,Thursday,4,17,False,FY2026-27,Summer
2026-04-24,20260424,24,4,April,2026,Q2,Friday,5,17,False,FY2026-27,Summer
2026-04-25,20260425,25,4,April,2026,Q2,Saturday,6,17,True,FY2026-27,Summer
2026-04-26,20260426,26,4,April,2026,Q2,Sunday,7,17,True,FY2026-27,Summer
2026-04-27,20260427,27,4,April,2026,Q2,Monday,1,18,False,FY2026-27,Summer
2026-04-28,20260428,28,4,April,2026,Q2,Tuesday,2,18,False,FY2026-27,Summer
2026-04-29,20260429,29,4,April,2026,Q2,Wednesday,3,18,False,FY2026-27,Summer
2026-04-30,20260430,30,4,April,2026,Q2,Thursday,4,18,False,FY2026-27,Summer
2026-05-01,20260501,1,5,May,2026,Q2,Friday,5,18,False,FY2026-27,Summer
2026-05-02,20260502,2,5,May,2026,Q2,Saturday,6,18,True,FY2026-27,Summer
2026-05-03,20260503,3,5,May,2026,Q2,Sunday,7,18,True,FY2026-27,Summer
2026-05-04,20260504,4,5,May,2026,Q2,Monday,1,19,False,FY2026-27,Summer
2026-05-05,20260505,5,5,May,2026,Q2,Tuesday,2,19,False,FY2026-27,Summer
2026-05-06,20260506,6,5,May,2026,Q2,Wednesday,3,19,False,FY2026-27,Summer
2026-05-07,20260507,7,5,May,2026,Q2,Thursday,4,19,False,FY2026-27,Summer
2026-05-08,20260508,8,5,May,2026,Q2,Friday,5,19,False,FY2026-27,Summer
2026-05-09,20260509,9,5,May,2026,Q2,Saturday,6,19,True,FY2026-27,Summer
2026-05-10,20260510,10,5,May,2026,Q2,Sunday,7,19,True,FY2026-27,Summer
2026-05-11,20260511,11,5,May,2026,Q2,Monday,1,20,False,FY2026-27,Summer
2026-05-12,20260512,12,5,May,2026,Q2,Tuesday,2,20,False,FY2026-27,Summer
2026-05-13,20260513,13,5,May,2026,Q2,Wednesday,3,20,False,FY2026-27,Summer
2026-05-14,20260514,14,5,May,2026,Q2,Thursday,4,20,False,FY2026-27,Summer
2026-05-15,20260515,15,5,May,2026,Q2,Friday,5,20,False,FY2026-27,Summer
2026-05-16,20260516,16,5,May,2026,Q2,Saturday,6,20,True,FY2026-27,Summer
2026-05-17,20260517,17,5,May,2026,Q2,Sunday,7,20,True,FY2026-27,Summer
2026-05-18,20260518,18,5,May,2026,Q2,Monday,1,21,False,FY2026-27,Summer
2026-05-19,20260519,19,5,May,2026,Q2,Tuesday,2,21,False,FY2026-27,Summer
2026-05-20,20260520,20,5,May,2026,Q2,Wednesday,3,21,False,FY2026-27,Summer
2026-05-21,20260521,21,5,May,2026,Q2,Thursday,4,21,False,FY2026-27,Summer
2026-05-22,20260522,22,5,May,2026,Q2,Friday,5,21,False,FY2026-27,Summer
2026-05-23,20260523,23,5,May,2026,Q2,Saturday,6,21,True,FY2026-27,Summer
2026-05-24,20260524,24,5,May,2026,Q2,Sunday,7,21,True,FY2026-27,Summer
2026-05-25,20260525,25,5,May,2026,Q2,Monday,1,22,False,FY2026-27,Summer
2026-05-26,20260526,26,5,May,2026,Q2,Tuesday,2,22,False,FY2026-27,Summer
2026-05-27,20260527,27,5,May,2026,Q2,Wednesday,3,22,False,FY2026-27,Summer
2026-05-28,20260528,28,5,May,2026,Q2,Thursday,4,22,False,FY2026-27,Summer
2026-05-29,20260529,29,5,May,2026,Q2,Friday,5,22,False,FY2026-27,Summer
2026-05-30,20260530,30,5,May,2026,Q2,Saturday,6,22,True,FY2026-27,Summer
2026-05-31,20260531,31,5,May,2026,Q2,Sunday,7,22,True,FY2026-27,Summer
2026-06-01,20260601,1,6,June,2026,Q2,Monday,1,23,False,FY2026-27,Monsoon
2026-06-02,20260602,2,6,June,2026,Q2,Tuesday,2,23,False,FY2026-27,Monsoon
2026-06-03,20260603,3,6,June,2026,Q2,Wednesday,3,23,False,FY2026-27,Monsoon
2026-06-04,20260604,4,6,June,2026,Q2,Thursday,4,23,False,FY2026-27,Monsoon
2026-06-05,20260605,5,6,June,2026,Q2,Friday,5,23,False,FY2026-27,Monsoon
2026-06-06,20260606,6,6,June,2026,Q2,Saturday,6,23,True,FY2026-27,Monsoon
2026-06-07,20260607,7,6,June,2026,Q2,Sunday,7,23,True,FY2026-27,Monsoon
2026-06-08,20260608,8,6,June,2026,Q2,Monday,1,24,False,FY2026-27,Monsoon
2026-06-09,20260609,9,6,June,2026,Q2,Tuesday,2,24,False,FY2026-27,Monsoon
2026-06-10,20260610,10,6,June,2026,Q2,Wednesday,3,24,False,FY2026-27,Monsoon
2026-06-11,20260611,11,6,June,2026,Q2,Thursday,4,24,False,FY2026-27,Monsoon
2026-06-12,20260612,12,6,June,2026,Q2,Friday,5,24,False,FY2026-27,Monsoon
2026-06-13,20260613,13,6,June,2026,Q2,Saturday,6,24,True,FY2026-27,Monsoon
2026-06-14,20260614,14,6,June,2026,Q2,Sunday,7,24,True,FY2026-27,Monsoon
2026-06-15,20260615,15,6,June,2026,Q2,Monday,1,25,False,FY2026-27,Monsoon
2026-06-16,20260616,16,6,June,2026,Q2,Tuesday,2,25,False,FY2026-27,Monsoon
2026-06-17,20260617,17,6,June,2026,Q2,Wednesday,3,25,False,FY2026-27,Monsoon
2026-06-18,20260618,18,6,June,2026,Q2,Thursday,4,25,False,FY2026-27,Monsoon
2026-06-19,20260619,19,6,June,2026,Q2,Friday,5,25,False,FY2026-27,Monsoon
2026-06-20,20260620,20,6,June,2026,Q2,Saturday,6,25,True,FY2026-27,Monsoon
2026-06-21,20260621,21,6,June,2026,Q2,Sunday,7,25,True,FY2026-27,Monsoon
2026-06-22,20260622,22,6,June,2026,Q2,Monday,1,26,False,FY2026-27,Monsoon
2026-06-23,20260623,23,6,June,2026,Q2,Tuesday,2,26,False,FY2026-27,Monsoon
2026-06-24,20260624,24,6,June,2026,Q2,Wednesday,3,26,False,FY2026-27,Monsoon
2026-06-25,20260625,25,6,June,2026,Q2,Thursday,4,26,False,FY2026-27,Monsoon
2026-06-26,20260626,26,6,June,2026,Q2,Friday,5,26,False,FY2026-27,Monsoon
2026-06-27,20260627,27,6,June,2026,Q2,Saturday,6,26,True,FY2026-27,Monsoon
2026-06-28,20260628,28,6,June,2026,Q2,Sunday,7,26,True,FY2026-27,Monsoon
2026-06-29,20260629,29,6,June,2026,Q2,Monday,1,27,False,FY2026-27,Monsoon
2026-06-30,20260630,30,6,June,2026,Q2,Tuesday,2,27,False,FY2026-27,Monsoon
2026-07-01,20260701,1,7,July,2026,Q3,Wednesday,3,27,False,FY2026-27,Monsoon
2026-07-02,20260702,2,7,July,2026,Q3,Thursday,4,27,False,FY2026-27,Monsoon
2026-07-03,20260703,3,7,July,2026,Q3,Friday,5,27,False,FY2026-27,Monsoon
